   Compiling packtok-model v0.1.0 (C:\Users\DasEtwa\PackTok\crates\packtok-model)
    Finished `test` profile [unoptimized + debuginfo] target(s) in 1.10s
     Running unittests src\lib.rs (target\debug\deps\packtok_model-e1294f8a2b33fdae.exe)

running 21 tests
test tests::changing_future_inputs_does_not_change_prior_hidden_states ... ok
test tests::factorized_accuracy_reports_pack_and_gold_pack_local_heads ... ok
test tests::cross_entropy_is_invariant_to_large_common_offsets ... FAILED
test tests::byte_fallback_rows_are_valid_factorized_targets ... ok
test tests::adam_update_changes_parameters ... ok
test tests::invalid_pack_and_local_targets_are_rejected ... ok
test tests::flat_and_factorized_cross_entropy_are_finite_and_teacher_forced ... ok
test tests::inference_rejects_overflowing_logits_in_both_heads ... FAILED
test tests::mac_estimate_validates_input_ids_and_reports_example_index ... FAILED
test tests::greedy_generation_is_bounded_and_keeps_prompt ... ok
test tests::output_shapes_follow_flat_and_factorized_vocabularies ... ok
test tests::overflowing_adam_moment_is_rejected_without_changing_state ... FAILED
test tests::parameter_partitions_sum_to_total_for_both_heads ... ok
test tests::same_local_id_in_different_packs_uses_distinct_embedding_rows ... ok
test tests::failed_adam_update_preserves_weights_moments_and_step ... FAILED
test tests::same_seed_initializes_identical_parameters ... ok
test tests::training_mac_estimate_is_positive_and_changes_with_active_head ... ok
test tests::malformed_model_bytes_and_nonfinite_parameters_are_rejected ... ok
test tests::model_serialization_round_trip_preserves_greedy_ids ... ok
test tests::factorized_model_overfits_the_same_raw_sequence_and_learns_packs ... ok
test tests::flat_model_overfits_a_small_repeated_sequence ... ok

failures:

---- tests::cross_entropy_is_invariant_to_large_common_offsets stdout ----

thread 'tests::cross_entropy_is_invariant_to_large_common_offsets' (3880) panicked at crates\packtok-model\src\lib.rs:2039:13:
offset=100000000000000000000 loss=0
note: run with `RUST_BACKTRACE=1` environment variable to display a backtrace

---- tests::inference_rejects_overflowing_logits_in_both_heads stdout ----

thread 'tests::inference_rejects_overflowing_logits_in_both_heads' (14960) panicked at crates\packtok-model\src\lib.rs:2082:9:
assertion `left == right` failed
  left: Ok(TokenId { pack: 0, local: 0 })
 right: Err(NonFiniteComputation)

---- tests::mac_estimate_validates_input_ids_and_reports_example_index stdout ----

thread 'tests::mac_estimate_validates_input_ids_and_reports_example_index' (2884) panicked at crates\packtok-model\src\lib.rs:2113:9:
assertion failed: matches!(model.estimate_training_macs(&[TrainingExample
    { inputs: &invalid, targets: &valid }]),
    Err(ModelError::InvalidToken { .. }))

---- tests::overflowing_adam_moment_is_rejected_without_changing_state stdout ----

thread 'tests::overflowing_adam_moment_is_rejected_without_changing_state' (16880) panicked at crates\packtok-model\src\lib.rs:2070:9:
assertion `left == right` failed
  left: Ok(())
 right: Err(NonFiniteComputation)

---- tests::failed_adam_update_preserves_weights_moments_and_step stdout ----

thread 'tests::failed_adam_update_preserves_weights_moments_and_step' (3240) panicked at crates\packtok-model\src\lib.rs:2062:9:
assertion `left == right` failed
  left: CausalLm { config: ModelConfig { hidden_size: 8, context_length: 4 }, kind: Flat { vocabulary_size: 256 }, seed: 1, layout: ParameterLayout { embedding: 0, position: 2048, recurrent: 2080, recurrent_bias: 2144, flat_output: 2152, flat_output_bias: 4200, pack_output: 0, pack_output_bias: 0, local_output: 0, local_output_bias: 0, parameter_count: 4456 }, weights: [-3.4028235e38, -inf, 0.0112360455, 0.048612993, 0.002505546, 0.049175184, 0.0142001975, 0.029074652, -0.0011425959, -0.005121402, -0.041103896, 0.046270195, -0.020647025, 0.0069986996, 0.0039471644, 0.032985806, -0.04178361, 0.017037347, -0.04684108, -0.0061645494, 0.047312964, -0.024615122, -0.037529316, -0.011376998, 0.027904129, 0.0475286, -0.021068476, -0.03091493, -0.018829511, -0.015160435, 0.017087411, 0.044616953, -0.03253296, -0.027995026, 0.025903206, 0.0046388637, -0.049070314, 0.04168512, 0.017292598, -0.031894445, -0.039000116, 0.031092966, -0.032398585, -0.022284355, 0.04379113, 0.050664913, -0.02968137, -0.046597864, 0.039472293, 0.020153437, -0.049241118, -0.02038987, -0.027421594, -0.007529652, 0.016224302, -0.010555077, 0.038252167, -0.03610448, 0.048335664, -0.022318715, 0.012464352, -0.0031278138, -0.048212253, -0.033577815, 0.013304973, -0.035179403, -0.006287443, 0.0068989443, 0.032596305, -0.015423323, -0.03898429, -0.0022337653, -0.049084585, 0.015863422, 0.031427503, 0.03769688, 0.026680885, -0.03452811, 0.031144623, 0.016544791, -0.047413368, -0.000497591, -0.028573504, 0.025298662, -0.049325276, -0.01318293, 0.015371005, 0.0044016424, -0.046045426, -0.013598211, -0.009455866, 0.047400035, -0.030721402, 0.006157788, 0.030257402, 0.02849812, 0.052583516, -0.027578961, -0.025813367, 0.009886065, -0.018120287, -0.027248805, -0.028587684, -0.015792055, -0.00856214, -0.033560894, -0.03019463, -0.048368543, -0.0050376034, -0.040449698, 0.0485294, -0.019647177, 0.04914127, -0.04149461, 0.026320865, 0.052857578, -0.047761414, -0.012017742, 0.02037436, 0.0026222887, 0.042469643, -0.011801611, 0.013397875, -0.050218605, 0.032793116, -0.041787136, -0.035295248, -0.0349635, 0.0521904, -0.04397377, -0.0054452606, -0.016330756, -0.04503236, -0.0024079687, 0.022297697, 0.03962913, -0.011161138, 0.045822658, -0.024560986, -0.044102408, -0.033513226, 0.0013594193, 0.046564534, -0.0020056602, 0.027940372, -0.037637938, -0.028932868, -0.011413356, -0.03531309, -0.021932192, -0.031190319, 0.024654316, -0.03848317, 0.007168484, 0.032224894, 0.045271173, -0.036367863, -0.012778282, 0.03376722, 0.015341653, 0.022427097, 0.00087058113, -0.03504989, -0.038666785, -0.02055657, -0.0311514, 0.030416824, 0.040900327, -0.026448289, -0.010773864, 0.007850049, -0.0022341383, 0.02223318, -0.027972672, -0.039546628, 0.0070120264, 0.0050106053, -0.039793473, -0.0025355725, -0.034044374, 0.040942274, -0.010065702, -0.041353997, 0.031347264, -0.012473895, -0.0019340063, 0.026718937, -0.05098182, 0.00931174, -0.0035595007, -0.038412444, -0.010202852, -0.038208116, -0.020137059, -0.02554298, -0.009897719, -0.048455544, 0.0072024902, 0.02843258, 0.02367683, 0.007698896, 0.003034232, 0.04503752, -0.022378458, -0.04765437, -0.023485856, 0.02335271, -0.028665818, 0.019185508, -0.009644155, 0.044277992, 0.045255743, -0.021570364, 0.03166073, 0.008838751, -0.052601047, 0.008491678, 0.0048215133, -0.033291563, -0.051324923, -0.028771307, 0.001867723, -0.03367014, -0.04901896, -0.044693343, 0.031649265, -0.02660865, 0.02979188, -0.01629448, 0.012331299, -0.048295133, 0.020875981, 0.02441189, 0.035455246, 0.009568263, 0.031143308, -0.0439881, -0.02526012, -0.028000444, 0.04610999, -0.049484182, -0.021683712, -0.051190477, -0.023732966, 0.028121669, -0.008218728, 0.020223428, 0.038857017, 0.023492958, -0.03099235, 0.025166254, -0.045638036, 0.01965743, -0.03486806, -0.010266129, -0.007790265, 0.0147173265, 0.012787155, -0.04695762, 0.04066461, 0.051939026, 0.004866969, -0.011226489, 0.045380123, 0.010023632, 0.020320736, 0.04120527, 0.04513567, 0.022615822, 0.012744639, 0.043132238, -0.0033623737, 0.04640778, -0.025108455, 0.052606434, -0.008068592, 0.041302137, 0.022856811, 0.010097935, -0.029435305, -0.026704486, -0.04503905, 0.012610309, -0.039377186, -0.045996856, -0.023618544, -0.021532368, -0.0048510786, -0.0053582503, 0.0025425109, -0.04556616, -0.0144355, -0.0029154948, 0.007690165, 0.018191794, -0.033651773, 0.01780685, 0.01286037, 0.025725652, -0.0324405, -0.012469785, 0.03071081, 0.011623566, 0.024277302, 0.024772158, 0.0015334015, 0.039091703, -0.00849476, -0.006053218, -0.0024224587, -0.031790152, -0.004232923, 0.046210427, 0.015413723, -0.023378888, 0.039228335, -0.042732622, -0.044553746, 0.04861547, -0.0061577023, -0.046483874, 0.015381829, -0.034824025, 0.0296559, 0.0006622893, -0.016247362, -0.007390169, -0.0028854904, 0.030433882, 0.030968895, -0.03517671, 0.031782407, 0.00835016, 0.0024106272, -0.036054607, 0.036669, 0.04391335, 0.038304377, -0.03429126, 0.00074084685, 0.03436826, -0.007288056, 0.008696651, 0.017031524, -0.021259313, 0.012312345, 0.03994801, 0.02709233, -0.010262633, -0.02398187, -0.045223456, -0.029049579, 0.0063710297, -0.02112886, 0.008998755, -0.026006423, 0.030170456, -0.007717511, 0.015923576, -0.012918732, -0.052177023, -0.0117106745, -0.01946188, -0.012519375, 0.029837543, -0.030700982, 0.010097827, 0.043096803, 0.04886212, -0.004646744, -0.044788126, 0.044968955, 0.051725518, 0.046627283, 0.04038885, -0.024056243, 0.026402855, 0.0017841142, -0.014918857, -0.012637951, -0.028222695, 0.02064496, 0.028227981, 0.05094768, 0.045132525, -0.0105819525, 0.047161367, 0.037453253, -0.034414586, -0.02765846, 0.026859615, -0.0016609452, 0.024697412, -0.03681897, -0.019998321, 0.0085800225, 0.010560208, -0.04708393, -0.03592613, 0.0063229506, 0.03253325, -0.0009347276, 0.024838034, 0.0038580492, 0.010888719, -0.0054574115, -0.021059986, -0.034478102, 0.028297307, 0.04047528, 0.025221402, 0.03253105, -0.047929864, -0.046200495, -0.037797317, 0.015407603, -0.041407265, 0.024839418, 0.01466333, 0.05000661, 0.048229657, 0.019716261, 0.040836986, -0.03031655, 0.05148774, 0.026515843, 0.0056061465, 0.008142475, 0.03779427, 0.03795263, 0.011862362, 0.004775198, 0.052690256, 0.036396753, -0.029055584, 0.03438618, -0.0026799107, -0.023793252, -0.025937792, -0.042039897, -0.0040576006, -0.050449446, -0.013916929, -0.02591385, 0.034320157, 0.050486043, -0.0020657952, -0.052276425, 0.029832605, 0.03535759, 0.017097691, 0.020386068, -0.014935314, -0.0055930885, -0.04171037, 0.01634609, -0.013304628, -0.046140566, 0.0028124931, 0.0430211, 0.004062352, 0.015692044, -0.036010556, 0.0012482591, -0.05277362, -0.051370356, -0.018587643, 0.008877898, -0.03969671, -0.041996017, 0.011394596, -0.024780184, 0.05022219, -0.05246274, 0.033812087, -0.033603612, -0.010825882, 0.030948462, 0.047821987, 0.024478417, 0.024655048, -0.038174484, 0.023912957, -0.04045912, -0.026418922, 0.004728826, -0.011484093, 0.023778487, -0.0066621625, -0.030860132, -0.04344742, -0.031991363, -0.025675623, -0.047218516, -0.0113391355, 0.043815453, -0.036848437, 0.02006482, 0.025817448, 0.030667303, -0.04206329, -0.017396074, -0.023483688, 0.01336717, -0.03655615, -0.008565453, 0.035183698, -0.00044229854, -0.034272593, 0.045393348, 0.031867776, 0.009995253, 0.048823964, -0.015200643, 0.00011942311, 0.04521427, 0.013031116, -0.017567521, 0.024049899, -0.006874532, -0.00395146, -0.023513982, -0.022130407, 0.007743504, -0.04020465, -0.017057436, 0.04647626, -0.020244787, 0.026006691, -0.024701063, 0.036541183, -0.04816646, 0.025518656, -0.005123621, -0.018462827, 0.04469857, 0.03651118, 0.015007186, -0.036723718, -0.052012373, 0.0019456104, -0.0073326323, 0.038160227, 0.028053822, -0.027082657, -0.04676024, -0.021552775, -0.024753846, 0.029105244, -0.029250689, -0.04446696, 0.040805206, -0.009115982, -0.016465137, -0.040644404, -0.037306566, -0.045863118, -0.035484854, -0.013647383, 0.031921018, 0.025569106, -0.0528803, -0.018081736, -0.014523092, -0.012760257, 0.0006743138, 0.03972221, -0.019040706, -0.029568434, -0.024289632, -0.029592142, 0.028586078, -0.0037753663, 0.026668912, 0.019005684, 0.013148085, 0.044884145, -0.024202282, -0.025915159, -0.052377976, 0.005602208, 0.029048808, -0.032978017, 0.031099383, -0.0031534685, 0.04156375, -0.00045231264, -0.03880111, 0.034623425, 0.031653643, -0.0017970206, -0.040932752, 0.01555222, -0.011727263, 0.016808635, 0.036309455, -0.014084388, 0.04390098, 0.009412652, -0.02176357, -0.009591701, 0.018546205, -0.02419986, 0.023288656, 0.05078414, -0.018512001, -0.015862944, 0.052768033, -0.013203679, -0.040147804, -0.022084888, -0.020679343, 0.036586776, 0.0045866626, 0.051251024, -0.0316277, -0.04225743, 0.046411395, -0.026012752, 0.025466766, -0.025969654, 0.027496984, -0.032413125, 0.0030206523, -0.025969028, 0.020502418, 0.048554424, 0.004078922, 0.023746688, 0.039752714, -0.021536604, -0.023615267, -0.01177165, -0.026107032, -0.04190331, 0.00013575923, -0.031565007, -0.034577698, 0.046075445, 0.008388471, -0.050610267, -0.038463295, -0.024645329, -0.023067161, -0.04851777, 0.006783776, -0.034873538, -0.033948537, 0.0018114316, -0.03062298, 0.014009829, 0.030427616, -0.030083256, 0.04737271, 0.022575328, -0.0011447137, 0.045341026, -0.0017601821, 0.020873755, 0.032163315, -0.0070875464, -0.047614157, 0.035701744, -0.0425941, -0.038727567, -0.010451782, -0.029021097, -0.029492248, -0.013976983, 0.05047248, 0.04202042, -0.0029871867, -0.0063246167, 0.041546725, -0.03764731, 0.034061644, 0.051699962, 0.052665234, 0.018316932, 0.034554176, 0.052499883, 0.037944824, 0.013230228, -0.032674573, -0.02546202, 0.04999473, -0.0037269902, -0.041271657, 0.040191147, 0.0066851587, 0.040117577, -0.043205086, -0.007428999, 0.01927857, -0.0016009872, -0.044961825, -0.034407105, 0.03555308, -0.035520248, 0.04801012, 0.042046074, 0.04035258, -0.034760367, 0.022584124, -0.009083676, -0.0046496205, -0.052513804, 0.033406638, -0.012252769, 0.024127627, -0.008735661, 0.0077280276, -0.01626445, 0.020712094, 0.00810508, -0.022418154, 0.0013600704, -0.013100775, -0.018068606, -0.018858638, 0.031162804, -0.039070155, 0.019226475, 0.0075883297, -0.004947616, 0.015926339, 0.022922592, 0.044581953, -0.04352206, -0.018002212, 0.0441668, -0.017510686, 0.0087787295, 0.026080027, -0.01951521, 0.044654638, -0.020517569, 0.019168047, 0.01672129, 0.015240278, 0.022906262, 0.023177199, 0.029443922, 0.033476572, 0.037601773, 0.041228935, -0.016377702, -0.021753583, -0.046608802, 0.050200876, 0.019238658, 0.019407006, -0.033334132, -0.04300988, 0.04052725, -0.04320973, 0.00085628073, 0.01989309, -0.0014921471, -0.043501798, -0.007143642, 0.032053027, -0.04799696, 0.034153648, -0.04288545, -0.008492111, 0.038480148, -0.034522273, 0.0127598755, 0.039756317, -0.023189852, 0.009289803, -0.007699525, 0.043796126, 0.023707237, 0.031248126, 0.0065735118, -0.033140488, -0.051853318, -0.024365913, 0.030210005, 0.003701326, -0.023514526, -0.04967177, -0.049246006, 0.0055681705, -0.00026225983, 0.0057355016, -0.032711014, -0.041151408, 0.023736546, -0.016017593, 0.016201308, 0.043755893, -0.010416638, 0.032194447, -0.013199051, 0.011958565, -0.032922976, 0.029583348, 0.041660786, 0.037631933, 0.0078336755, 0.017800523, -0.03876839, 0.015585544, -0.04367132, -0.00984873, -0.038465608, -0.043220516, 0.015227673, -0.033024535, 0.029916665, -0.05060086, 0.035053495, 0.00493696, -0.0440483, -0.005455711, -0.03980549, 0.015136306, 0.021269463, -0.02702553, -0.0386282, 0.037956476, 0.052695896, 0.0468146, -0.03568242, -0.023713026, -0.02901374, 0.03557451, -0.0147108305, -0.006240148, -0.009178367, -0.034304783, 0.040085077, 0.040404808, 0.013472766, -0.010473915, -0.025989246, 0.04781076, -0.02480427, 0.017531583, 0.042507205, 0.05211583, 0.046012703, -0.04245346, -0.025656082, 0.032610733, 0.00616062, -0.021790149, 0.033292018, 0.040589187, 0.05053918, -0.007273515, -0.020476121, -0.025300296, -0.027173258, 0.014001641, -0.029088933, -0.031737685, -0.045273013, 0.027012976, -0.018707408, -0.046179984, 0.043011494, 0.015342164, 0.014533646, 0.0076770405, -0.033059914, 0.009128262, 0.006500872, 0.031464428, 0.04380486, -0.033097826, -0.004334986, -0.004518603, 0.032546956, -0.03290783, -0.03855077, 0.016493013, -0.02961774, -0.03819043, -0.0007871019, -0.05252859, 0.046400797, -0.007965455, 0.014673901, -0.025456805, -0.02308282, -0.034950327, -0.038920905, -0.03960391, 0.023118138, -0.044934925, 0.0028501598, -0.015355469, 0.028697662, 0.0026016978, 0.015850544, 0.03213211, -0.051588688, 0.030325407, -0.013421042, -0.020430325, 0.052884426, -0.03386044, -0.0130376555, -0.03712121, 0.00857157, 0.024355061, 0.045531575, 0.028491387, 0.038681004, 0.016902106, 0.0022765812, -0.012726245, -0.048862826, -0.041887518, -0.016568754, 0.01722936, 0.04848511, -0.032825638, 0.044673454, 0.02700862, -0.010014354, 0.008889637, -0.005212907, 0.049984127, -0.040637255, 0.014105772, 0.010687634, -0.033318944, 0.05069806, 0.02326084, -0.043801103, -0.0098583335, -0.016073612, 0.01670632, -0.025539074, 0.024065753, 0.008344463, -0.049171537, -0.049575526, 0.0046960274, 0.019436076, 0.022108681, -0.016366273, 0.02306698, -0.011638009, -0.036179032, -0.02862948, -0.02015234, -0.020424489, -0.03940944, 0.052109726, -0.035046984, -0.048493627, 0.012245869, 0.013141631, 0.009679872, -0.04813618, 0.01330142, -0.028933026, 0.020218432, 0.019228442, -0.027709574, 0.00027292193, -0.0043239417, 0.023936298, 0.036410924, -0.025502242, -0.026336016, 0.026874175, -0.0069795726, -0.021178657, -0.03621749, -0.031067165, -0.04724392, -0.007601837, 0.02332483, -0.0013822323, -0.052696202, 0.0471976, 0.026950115, 0.04947308, 0.043363933, -0.013748504, 0.025560217, 0.018237557, -0.0038682877, 0.017118104, 0.008361198, -0.025627417, -0.044990886, 0.03856507, 0.049487878, -0.011941625, 0.0120916115, -0.0039710207, 0.012654803, -0.006205168, -0.018528223, -0.004631881, 0.0007884201, -0.008685938, -0.004168217, -0.008723801, 0.021031389, 0.0023006112, -0.011791382, -0.027642846, -0.009599889, 0.016024342, -0.014585914, -0.033323694, 0.028535565, 0.0065322225, 0.01891628, 0.00841044, -0.044165883, -0.0143309785, -0.034015935, 0.020334378, 0.0024133266, 0.008798278, -0.018682651, -0.041875906, 0.043074124, 0.010801115, -0.009615156, 0.00073473976, -0.04833345, 0.023962092, -0.018894149, -0.006394083, 0.00035974235, -0.03397904, 0.017133063, -0.0055723647, -0.008931726, -0.013438201, 0.03529573, -0.003418254, -0.046264566, -0.0012340187, 0.04144026, -0.047895197, 0.031793535, 0.017402513, 0.020021021, -0.04755565, -0.034495533, -0.05235562, -0.022586346, 0.033289384, -0.04965288, -0.0060105445, -0.044826634, -0.050035316, 0.052721914, 0.008049401, 0.038749844, 0.03980376, 0.034246925, -0.04921124, 0.029180843, -0.020220092, -0.032812025, -0.013720883, -0.047601264, 0.00786569, -0.017498624, -0.01590503, 0.0062090657, -0.030685341, 0.019381473, 0.006466486, -0.05098212, 0.025508149, 0.004673597, 0.05242059, -0.0024074882, -0.0017318026, -0.0071066893, -0.003496565, 0.04622959, -0.014588164, 0.015117081, 0.0048803715, -0.029099144, -0.027323982, -0.052233085, -0.04423533, 0.00028574932, 0.045469105, 0.04011218, 0.02568456, 0.018431468, -0.003274624, -0.035410594, -0.014434185, -0.04321317, 0.049121317, -0.009371961, 0.0435465, -0.027700642, -0.003999817, 0.015118017, -0.0050159064, -0.018607741, 0.01675673, -0.025603501, 0.03877835, 0.026942024, -0.027973583, 0.05005789, -0.029111294, -0.048118744, 0.010361165, -0.018214745, 0.0028554576, 0.050798833, -0.011441622, -0.02910386, -0.05060047, -0.024742454, 0.010420838, 0.0055319513, 0.043586057, -0.043239236, 0.024463745, 0.038060904, 0.03802034, -0.0006000774, -0.032942865, 0.042525373, -0.02362367, 0.045066822, 0.006013829, -0.014376117, 0.0034774693, -0.040989157, -0.0506579, -0.034926277, -0.050189182, 0.051157538, 0.031700816, -0.043795872, -0.026998574, 0.045379944, -0.037876993, 0.034192093, -0.025533339, -0.036978476, -0.034769047, -0.046932913, 0.045728687, -0.025246907, 0.009270495, -0.049063317, -0.021619113, -0.040967803, -0.016451733, 0.018745495, -0.043464053, 0.03930423, -0.031709548, -0.03024479, -0.014021705, 0.003791516, 0.023413554, 0.0017347897, 0.025167102, 0.010863539, 0.010254853, -0.04264562, 0.0011525436, -0.0326727, 0.019907465, 0.0138176195, 0.02670599, 0.011457879, 0.051286343, 0.03288245, 0.017259054, 0.0031597558, 0.028325908, 0.0030202603, 0.033864327, 0.013912482, -0.052887607, 0.014118902, 0.041638948, 0.04426847, -0.020398285, -0.048139606, 0.031640902, -0.020916836, -0.049007062, -0.048524972, -0.05210203, 0.009930376, -0.012869394, -0.052222732, 0.02597813, 0.044010784, -0.033760477, -0.031461988, -0.028910419, -0.022764133, -0.019584026, -0.05216418, -0.01885925, -0.039049376, -0.012687004, 0.04565314, 0.02813198, -0.034265954, -0.04254531, 0.035055347, 0.046548087, 0.010862679, -0.04215491, 0.0011534919, -0.04231816, -0.019384295, -0.049358133, 0.04050948, -0.029276142, -0.015552141, 0.04465529, -0.017177667, -0.0042518578, -0.045850754, 0.017646518, 0.050239764, -0.014552148, 0.007530028, -0.04006788, -0.023352973, 0.015622451, 0.006384243, -0.040978238, 0.012268142, -0.025843909, -0.009191195, -0.042567685, -0.019597316, -0.036309354, 0.0485102, 0.0077869743, 0.016773958, -0.04750665, 0.026985537, -0.030497791, 0.0035213442, -0.0022702117, -0.04995702, -0.0025805475, -0.037167877, 0.027732302, 0.024476262, -0.0354938, 0.007900524, -0.009982308, -0.017115692, 0.029335137, 0.040546216, 0.042914513, -0.05263255, 0.050024513, 0.050327875, 0.028683806, -0.024075126, 0.00246267, 0.021913072, -0.0029703574, -0.049527783, -0.03404328, 0.0056829974, 0.013170636, 0.04874494, 0.030414214, -0.01634761, -0.026956854, -0.012942825, -0.04041045, -0.0016756124, -0.04661556, 0.0048006317, -0.0010679959, 0.034070704, 0.048766907, 0.025856543, 0.03740465, 0.002041933, -0.04573934, 0.00072438427, 0.0071429936, -0.006886626, 0.030801361, -0.052255265, 0.030559544, 0.0039047373, 0.013571674, 0.019407291, 0.0033897005, -0.022655211, 0.037028387, -0.024637185, -0.04280925, -0.013408537, -0.0010046302, 0.048844397, -0.00073699356, -0.048888765, -0.0073416033, 0.013357768, 0.0435373, -0.021276377, 0.017139086, -0.050741915, 0.052879974, -0.023348061, -0.041231558, 0.0065718554, 0.017768413, 0.021343766, 0.012270088, 0.014684642, 0.04867974, 0.007630258, 0.04409973, 0.038965434, 0.0072269314, -0.009393873, -0.006974717, 0.02432191, 0.0058614174, 0.036144786, -0.007287392, -0.052877553, -0.04012298, -0.042118095, 0.0020302497, -0.015197399, 0.049354363, 0.029886205, -0.0337668, -0.026519934, -0.020063274, -0.043717626, 0.0070203147, -0.031614557, 0.010986281, -0.0072687673, 0.02612753, -0.036602765, 0.038904432, 0.026883816, -0.05065283, -0.028684203, 0.022108769, -0.047063716, 0.03735597, 0.030148631, -0.043667354, -0.031387642, -0.012812509, 0.002629287, -0.0044652894, -0.024328614, -0.023433907, 0.052318938, -0.050897293, -0.003852489, -0.0067308513, 0.006534789, -0.009283484, 0.0013722404, 0.00051449926, -0.0047632973, 0.048216626, 0.040090032, 0.042043824, -0.009963746, -0.0014659234, 0.021394292, -0.033837244, -0.029273367, 0.015693005, -0.005823324, -0.047170926, -0.022943439, 0.04260564, -0.042812154, -0.04948227, -0.035151374, -0.0061539537, -0.017855894, -0.03543129, -0.017850678, -0.0042682253, 0.0125193475, 0.0190745, 0.035572406, -0.015114423, 0.0056147887, 0.005832229, 0.012194799, 0.05255393, 0.03268604, -0.045208465, -0.0499111, -0.05234137, -0.04012481, -0.017786289, 0.04720791, -0.04612501, -0.04682378, 0.022838395, -0.0011704634, 0.010215335, -0.029526025, 0.035259314, 0.015012528, -0.037195005, 0.049323052, 0.005265661, 0.03406681, 0.0181629, 0.0074352296, 0.041586958, 0.036286972, -0.04742198, -0.011033098, 0.026774243, 0.010031085, -0.007070047, 0.012883345, 0.042036865, 0.004171685, 0.034449752, -0.041497923, 0.03435558, 0.017196093, 0.02611968, -0.04475615, -0.035923563, 0.049190257, -0.03638468, -0.02513351, 0.015578538, 0.03396706, -0.0141747035, 0.014235354, 0.012127154, -0.02706256, -0.03859796, -0.05240136, 0.011840197, -0.030552577, 0.03927513, -0.011863895, -0.02419807, 0.0131476745, -0.03235964, 0.037870035, 0.028609717, 0.004323995, 0.042404532, 0.015268019, 0.04108972, 0.009763462, -0.02287501, 0.017794978, -0.051501438, 0.044046175, 0.02782588, -0.047016162, -0.04444206, 0.022917971, 0.050779015, -0.012043352, 0.05270335, -0.044413637, -0.047658652, -0.030459492, -0.04756874, -0.0075040604, 0.028592933, 0.042366114, 0.018490635, 0.024557063, 0.01884542, -0.023780514, 0.02808729, 0.0010834944, 0.006990987, -0.022215767, -0.023463318, 0.018433396, 0.044336647, 0.019123647, 0.03017758, 0.035686992, 0.027014872, 0.026495447, 0.042174265, 0.04691763, 0.035424642, -0.025145514, 0.004907417, 0.022206679, -0.019937763, 0.036383335, 0.041286908, 0.018797968, 0.04228142, 0.031336617, -0.04855586, 0.011199131, 0.022064686, -0.01640521, 0.033949073, 0.00093839754, 0.014442862, -0.028300887, 0.010436916, -0.040693168, 0.022227617, -0.02354046, -0.049216423, 0.046563935, 0.028038459, 0.032828316, -0.03335603, 0.035788227, -0.020505438, -0.046407185, -0.04439861, 0.0100642005, -0.028575439, 0.026481122, -0.016699564, 0.015706813, -0.030408328, -0.05217129, 0.04306246, 0.023701414, -0.028133169, 0.027153393, -0.04778384, 0.0010224805, 0.041098744, 0.012211983, -0.0007509969, -0.02046468, -0.031697106, -0.02818463, -0.033350036, 0.047416322, -0.023788523, 0.041023765, 0.04088628, 0.046191774, 0.042507462, -0.002296619, -0.019940557, -0.009457795, 0.026578033, -0.050151136, -0.011316161, 0.049368385, 0.038859088, -0.04312305, -0.030282058, 0.0075755594, 0.0065031475, -0.019573374, 0.037744295, -0.029630978, -0.024902198, -0.01266006, -0.0024763984, 0.028617784, 0.041009396, 0.027238216, 0.024450405, -0.012662633, 0.019904127, -0.035605464, 0.0067268335, 0.011876138, -0.027808376, -0.009596671, -0.046676368, 0.012672138, 0.048524912, -0.0130293295, -0.010721334, -0.044155266, -0.04777918, -0.03417467, 0.036074515, -0.03347163, 0.021670882, -0.051038705, 0.045031767, 0.049282216, -0.00874474, 0.03925405, -0.021090446, -0.040567573, 0.005312754, 0.016559307, -0.0044808732, 0.004677567, -0.052207477, -0.0031657016, -0.042882655, -0.005694279, 0.014041901, 0.049522404, -0.007371753, -0.052315976, -0.027394889, 0.025183633, 0.027295943, -0.0024194685, 0.0011791025, 0.01755268, 0.04219126, 0.02345311, 0.04184623, -0.03309648, -0.006458075, 0.020475581, 0.022560617, -0.038710408, 0.017598484, 0.03314525, 0.050865486, -0.048431557, 0.040545106, 0.006683218, -0.010396559, -0.033012845, -0.004193006, -0.046389155, 0.023435012, -0.012938583, 0.0156032955, -0.0025467435, -0.038398378, 0.05097101, -0.026780836, 0.01947691, 0.03549625, 0.0068094307, -0.05039464, -0.006016614, -0.012726801, 0.027546763, -0.04696218, -0.0010505156, -0.03328799, -0.038401324, 0.019732395, 0.04141549, 0.04690428, 0.004104267, -0.0076359063, 0.0053094537, -0.025310095, 0.033201266, -0.013222853, -0.008880347, -0.010046767, -0.021393834, -0.031536248, -0.049546875, -0.023921747, -0.039886016, 0.0038509115, -0.027363867, 0.029537981, -0.047798242, -0.0038901556, -0.035885032, 0.0010518084, 0.019291908, -0.037851498, 0.007574826, -0.037368476, 0.00411167, -0.050977062, -0.013528403, -0.024449946, -0.009765216, 0.051561307, 0.0104362015, -0.0010436435, 0.016288351, 0.008579314, -0.04204989, 0.027846016, 0.030736106, 0.011712094, -0.04101855, -0.044916768, -0.014642616, 0.03324312, -0.05291617, 0.03562393, 0.041017506, 0.041179482, 0.048324842, -0.04540122, 0.031779207, -0.0016615775, -0.03407191, -0.048661325, -0.031641454, 0.020627897, -0.047213964, 0.030933132, -0.033843357, 0.026495151, 0.05036451, -0.03956704, 0.0038022066, 0.0442618, 0.014825617, 0.014592928, -0.017232971, 0.033575956, -0.025212755, 0.015143046, 0.013841012, 0.03236743, -0.04953831, -0.0464505, 0.032253508, 0.030521713, 0.014569271, 0.027404195, 0.020271689, -0.011255058, -0.04771417, -0.047630522, -0.049114272, -0.048341442, -0.04467763, -0.033495475, 0.014705808, -0.014781675, 0.025809735, 0.0044533247, 0.010070681, 5.8390247e-5, 0.0033681488, 0.021864315, -0.029990455, -0.00053288054, 0.014163606, -0.04109527, -0.022132652, 0.016889632, -0.015801216, 0.04542481, -0.04971711, -0.03993556, -0.022841698, -0.03234171, 0.051999096, -0.01972576, -0.030548943, 0.045375425, -0.04267779, 0.024668528, -0.028871316, -0.05241774, 0.022133932, 0.03916416, -0.041011754, -0.050645247, 0.015101522, -0.020141743, 0.026044384, 0.028865146, -0.04090313, 0.017268568, 0.0038898361, 0.038393106, -0.012110783, 0.047815003, -0.01371111, 0.050665036, 0.014717118, 0.027517296, 0.025265573, -0.034380406, 0.010065844, 0.0047738203, 0.010599537, -0.05264089, -0.02795363, 0.005926073, -0.006689208, 0.042983823, 0.025809262, -0.018030591, 0.029826682, 0.033724662, 0.01937572, -0.03115836, 0.004436584, -0.018657863, -0.012271331, 0.020399963, -0.04571868, 0.036561154, 0.012724756, -0.036149513, -0.007631658, 0.010347712, 0.008705887, -0.046357784, -0.014941976, -0.018816236, -0.052508943, 0.038941357, -0.018920828, 0.019673677, 0.029892994, -0.02898923, -0.007307376, -0.00035272175, -0.033924423, 0.005449373, 0.012127717, -0.006682355, 0.016205583, 0.040637873, -0.052076906, -0.019125571, 0.035764955, 0.020922195, -0.04284936, 0.04752501, -0.008552885, -0.012719152, -0.010024122, 0.008055357, -0.03434434, 0.015226263, 0.0005650881, -0.04142387, 0.030396905, -0.052030705, -0.036282185, -0.009383789, -0.048702784, -0.04469699, 0.049642768, 0.038809422, 0.03001956, -0.010299491, -0.021305995, -0.02467456, 0.041470423, 0.008072009, 0.006908421, -0.021875497, -0.049226433, -0.0035341748, 0.036744617, -0.012985448, 0.008976281, -0.049663953, -0.018196203, 0.005432569, -0.044996835, -0.014264274, 0.04254161, -0.013345652, 0.0403012, -0.0103731165, -0.03997367, 0.014075287, 0.00040064586, -0.008258, -0.005506774, -0.003451236, -0.0032710582, -0.009523183, -0.025715029, 0.016572071, 1.2631412e-5, -0.018080946, 0.02225809, -0.015035144, 0.0070351525, 0.025391053, -0.03925361, -0.00768824, 0.037822712, 0.02124262, 0.04709865, -0.049388573, -0.0086800335, -0.031553555, 0.043253265, -0.004295644, 0.010339246, -0.048188735, 0.0075663864, -0.047031227, -0.03869643, 0.022050083, 0.040981956, 0.033490032, 0.016983591, 0.030963724, 0.04628055, 0.045343276, -0.0067605586, 0.012211907, -0.014514949, 0.0048107975, 0.008634417, -0.052769974, 0.018501787, 0.019613888, 0.036007013, 0.049584005, 0.036209982, 0.027284462, -0.011220395, -0.006567749, -0.016381249, -0.047309935, 0.042580117, -0.03327894, 0.030006241, -0.013990853, -0.00023569468, -0.039069418, 0.047346905, 0.039236963, -0.04937756, -0.0073847068, -0.040619653, -0.0050995024, -0.0028304572, -0.00031049692, 0.021747604, -0.04114729, 0.0081814, -0.035362814, -0.041530214, 0.008405433, -0.023410402, -0.037547566, -0.0066522937, 0.020426193, 0.022541469, -0.036991715, -0.028271325, 0.040764082, -0.001145327, -0.013493916, -0.023811465, 0.0060424106, 0.012499894, 0.01178725, 0.021011056, -0.016376091, 0.051873248, -0.015772065, -0.019970486, 0.017437803, 0.0013055493, -0.009959403, -0.021708373, -0.014653351, -0.020636803, 0.032023497, -0.0054858164, 0.044382337, 0.0031798598, -0.014424961, 0.022982404, -0.038002297, -0.026839783, 0.010320116, -0.04597871, -0.011938476, 0.043675013, 0.044500556, 0.022536878, -0.032689977, 0.045249097, -0.0048630903, -0.03151274, -0.01431193, 0.039633602, -0.027352715, -0.026184522, -0.02036067, 0.048226837, 0.005241884, 0.006346064, 0.04341224, 0.05180403, -0.035761345, -0.03638582, 0.0056116404, 0.0118805, 0.01679532, 0.032512356, -0.015997685, 0.011887713, -0.038212933, 0.032045305, 0.051134117, 0.039743654, 0.05006279, 0.006914275, 0.008736821, -0.00077438203, -0.0061723, -0.035996053, -0.020862859, -0.0052404962, 0.01250743, -0.041587397, 0.030970559, 0.016375266, 0.013183338, -0.006218103, 0.023817658, 0.049173586, 0.016442014, 0.025244812, 0.04660053, -0.0032900812, -0.02670905, 0.02871857, 0.038423825, -0.0056017116, 0.04865035, -0.014424822, 0.0046283756, 0.03279153, -0.03612256, -0.043197505, -0.053028606, 0.008959704, 0.023348494, 0.039604206, -0.0020915892, 0.039766334, 0.012592968, 0.044128492, -0.010356003, 0.03133248, -0.046278533, 0.052706514, -0.048883956, 0.04762926, 0.031528294, 0.049906876, 0.012307407, 0.021111805, -0.01824107, -0.0497675, -0.04290611, 0.043521274, 0.49919695, -0.008052952, 0.004716904, -0.00995723, -0.008883482, 0.003573464, 0.0065529416, -0.009779667, 0.00040312408, 0.49560797, 0.0039830217, -0.00836496, -0.0053132735, -0.00986522, 0.0071899663, 0.0031620658, 0.000987308, -0.0052050194, 0.4906361, -0.0047854176, -0.004391108, 0.007133342, -0.004327957, 0.00069776294, 0.00021669983, -0.0013675457, 0.0041622506, 0.4946328, 0.0040978217, -0.0035301559, -0.005906631, 0.003755983, 0.0022411263, -0.005646423, -0.008163667, 0.00047770617, 0.50449103, -0.0050534857, 0.0050394544, -0.0067653903, 0.009387053, 0.009039929, 0.0059207357, 0.0013327539, 0.002953503, 0.50088847, -0.008232629, 0.007322764, -0.009434467, -0.0034090024, 0.009434178, -0.009097015, -0.004882411, 0.008277624, 0.50058997, -0.0050770673, 0.007967868, 0.0057502748, 0.009472615, 0.0077059017, -0.008606353, -0.007266248, -0.009471882, 0.49571338, 0.0, 0.0, 0.0, 0.0, 0.0, 0.0, 0.0, 0.0, -0.0520215, 0.0035654847, -0.026074776, -0.03226403, -0.045575973, -0.0042773862, 0.01877192, 0.012732488, 0.040778488, -0.011282958, -0.010181534, 0.025882015, -0.023658214, -0.05125791, -0.026137719, 0.04288914, -0.0043043685, -0.0039408836, 0.008115403, 0.039199747, -0.027022054, -0.021401415, 0.037339773, 0.032340016, 0.033479057, 0.031854756, 0.046476778, 0.00019758234, 0.0048272917, 0.04934267, 0.0388106, 0.028171973, 0.021439722, 0.028187595, -0.04239244, -0.011036803, -0.03790566, 0.00494198, -0.049393423, 0.037272412, 0.009963086, 0.037045635, -0.00082819513, 0.014837888, -0.0062784404, 0.015052856, 0.04504901, -0.03687717, 0.014584406, 0.036886454, 0.042859107, -0.036637604, 0.040786523, -0.020870907, -0.010299111, 0.039760858, 0.029695582, -0.029581761, 0.019669315, -0.018318053, 0.0030998671, 0.00087453244, -0.019771462, 0.039189953, 0.042916335, -0.052488036, -0.025804637, -0.024720928, 0.029119564, -0.044648506, 0.007816119, -0.028022248, -0.006711354, 0.018871631, 0.012749368, -0.003925445, -0.033856824, -0.018188685, -0.05126365, -0.021605875, -0.025249563, -0.04325642, 0.012635521, -0.039584734, 0.041233573, 0.031036068, -0.0112866685, -0.011340943, -0.039333634, -0.01563003, 0.0042670085, -0.029783515, 0.051308744, 0.023329718, -0.040137783, -0.041690417, -0.0313791, -0.024749458, 0.008554367, 0.012390308, -0.020522071, 0.04354274, 0.043297436, 0.024614885, -0.01344867, 0.035678204, -0.01769206, 0.0015033656, -0.04480959, -0.0016152244, -0.046267357, -0.023458773, 0.041889656, -0.04102518, -6.9362126e-5, -0.044370312, 0.002730231, -0.040521637, 0.05212022, 0.04744685, -0.012201814, 0.035766292, -0.026054205, -0.024811864, -0.0015401123, 0.0064154295, 0.027604464, 0.024051536, 0.009335814, 0.0039257137, -0.04349528, 0.03814618, -0.032102067, 0.04147266, 0.00025262823, -0.011491281, -0.015946187, -0.05025763, 0.018081347, -0.018711384, -0.015286679, -0.024314174, -0.025002997, 0.043667946, 0.0026883285, -0.012897559, -0.035438146, 0.046196, 0.048480477, 0.007697979, -0.0264838, 0.03555444, 0.0007205721, 0.04336724, 0.0048264572, 0.02386233, 0.034134075, -0.031984385, 0.03241484, -0.02657745, -0.013139889, -0.0124718025, -0.04708893, -0.02207351, -0.007446941, 0.019859234, -0.038300876, -0.015761191, 0.047575187, -0.048353877, -0.0052058897, -0.037934255, 0.036248073, 0.046825156, -0.02448958, -0.025518142, -0.01754911, -0.038952902, -0.031070933, 0.00090972084, -0.02076194, -0.05186825, -0.013294797, -0.0013807403, 0.0386641, -0.024244435, -0.021689331, 0.037813876, 0.01707631, 0.037682414, -0.003259236, 0.03577833, 0.038333975, -0.043715853, 0.015334186, 0.014070981, -0.017540293, 0.013391844, 0.036851954, -0.05270111, -0.013900176, -0.04249783, 0.00932922, -0.022662336, 0.051558033, -0.012430343, 0.029618593, -0.019228311, 0.007448354, 0.04100502, -0.03504363, 0.050474033, 0.045692325, -0.017726766, -0.032215904, 0.009655798, 0.01348242, -0.011451263, 0.03921053, -0.047091868, 0.010765408, 0.034086384, -0.034540772, -0.025584415, 0.012445936, -0.040569756, -0.045874465, 0.047519963, 0.0016488354, 0.013926966, 0.013289509, -0.0072031002, -0.011318816, -0.026973108, 0.012847758, 0.01308833, -0.035534304, -0.0074516004, -0.036415305, 0.050689597, 0.02452154, 0.0433733, 0.0026613777, 0.0013403457, -0.008612059, -0.0070556896, -0.021123005, 0.023227358, -0.039317533, 0.0036582605, -0.02813691, 0.050814766, 0.035012223, 0.031064782, -0.013803747, -0.02962281, 0.044279072, 0.0028964498, 0.030875923, -0.05039954, -0.029215898, 0.007003043, -0.00998466, 0.020911094, 0.02708791, -0.0035247612, 0.009522421, -0.025052885, -0.0060421675, 0.0027362558, -0.018207645, 0.020773165, -0.0025599503, -0.031903975, -0.050537046, -0.03305687, 0.006148773, -0.035247307, -0.046979748, -0.047209565, 0.038430855, 0.0016480262, -0.0017223005, 0.005278855, 0.012180518, -0.0012921814, -0.0052831764, -0.02798722, 0.032929294, 0.025597936, 0.043710437, 0.04066383, -0.0030902482, 0.030510738, 0.0066126008, -0.0513629, -0.021289932, 0.048144996, -0.0021653483, 0.035464365, 0.037065826, 0.031647235, 0.020946207, 0.020697914, 0.016419513, 0.048892565, 0.045847725, 0.038905714, 0.001825201, 0.0322821, 0.020884503, 0.006021845, -0.019732853, -0.020347767, 0.047732424, 0.038380936, 0.017991226, 0.022691067, -0.051792, 0.0526972, -0.031904947, 0.028819906, 0.025868334, -0.02819914, 0.027419906, 0.030158898, 0.04379288, -0.018103484, 0.040653028, -0.0066133123, -0.015317031, -0.008346471, -0.048113022, -0.00201496, -0.0129188895, 0.019489143, -0.049086753, 0.007080538, 0.04813147, 0.027301949, -0.04169759, 0.0060876575, 0.037515722, -0.009863062, 0.020116199, -0.047445554, 0.0065816483, -1.0219558e-5, 0.0054637934, 0.013285558, -0.026163185, -0.051609658, 0.0014141238, 0.00046863296, 0.006804095, 0.018616159, 0.039385613, -0.03195563, 0.041164953, 0.05204466, 0.019781612, -0.029823666, 0.012884501, -0.010106681, 0.02729923, -0.048417807, -0.048383005, -0.042403653, 0.006638477, 0.037909016, 0.01563363, 0.025641792, 0.025901033, 0.041648142, -0.004487897, 0.05300362, -0.0477903, -0.02580238, 0.049945455, -0.014991137, -0.027550347, 0.008101907, -0.008347482, -0.009590343, 0.045578696, 0.030864108, 0.022789797, 0.03757746, 0.030734558, 0.0064158216, -0.033154104, -0.04851045, 0.052513372, 0.03508643, 0.041972555, 0.030716926, -0.0135178575, 0.046832304, -0.011864888, -0.0020359238, 0.019579288, 0.017974246, 0.010299829, 0.04598308, 0.04851301, -0.0400465, -0.013147767, 0.027019018, 0.030421358, 0.01250676, 0.028697997, 0.012710354, 0.009566227, 0.030621348, -0.05249951, -0.025317796, -0.01963509, 0.031043615, 0.0038416244, -0.029255044, 0.03682501, -0.048571866, -0.02448788, -0.009789827, 0.04611744, 0.022032002, 0.010200131, -0.047777183, 0.013895672, -0.023321996, 0.052194763, -0.038354985, -0.035111967, 0.050231736, 0.049043354, -0.02543383, -0.007499496, 0.046932034, -0.03504037, 0.015129694, -0.006673283, -0.02677177, -0.021562012, 0.0253326, 0.05272802, -0.049032934, 0.04377082, -0.0236719, 0.016052185, -0.021774786, -0.012173118, -0.047198437, 0.039099287, -0.0042334227, -0.043081522, 0.052760072, 0.022132603, 0.019516181, 0.037714865, -0.0150482375, 0.0052552423, 0.044173975, 0.009664401, 0.037925605, -0.002435988, -0.038225647, 0.040404357, -0.022211108, -0.0154181775, 0.018631503, 0.03223525, 0.0084701395, 0.033112228, 0.04005583, -0.020466285, 0.030710192, 0.021586634, -0.04061588, 0.021932973, -0.03693082, 0.0032368214, 0.037725728, -0.035433315, -0.027209831, -0.049966227, 0.0387474, 0.05192016, 0.041861843, -0.043310773, -0.02850558, -0.00040720496, -0.03835592, 0.011496639, -0.033021342, 0.023355518, -0.034946393, -0.033958968, 0.03765695, -0.030366002, 0.022246988, -0.006350777, -0.019600704, -0.011548274, 0.023228679, -0.005113544, -0.0047842674, 0.040372405, 0.051917825, 0.041502513, 0.046808332, 0.03825699, 0.009048712, -0.04950565, 0.01190343, -0.03888723, -0.033698242, -0.052344482, 7.3632655e-5, -0.021260926, -0.017173216, -0.039696936, 0.038950436, 0.04070712, -0.042428564, -0.008260346, -0.038367383, 0.017406635, 0.010245921, -0.030064505, -0.03935772, -0.023298642, 0.011741681, -0.012110853, 0.0429402, -0.019012818, 0.050990917, 0.032644916, 0.046918258, 0.023161236, 0.016131993, -0.028218858, 0.02096648, 0.03299726, -0.017794184, -0.0017580073, 0.04561658, 0.031282328, 0.045388658, 0.030095091, -0.010964087, -0.019797983, 0.0413813, -0.016938202, -0.03112584, -0.009790997, 0.031568356, 0.006887628, 0.03359279, -0.027532116, -0.025086524, 0.040114447, 0.034469303, 0.01654847, 0.0022580891, 0.013942973, -0.024592608, 0.03195517, 0.015444094, -0.019893236, 0.044623755, 0.027429054, 0.024022613, 0.031129697, -0.038772788, 0.048500277, 0.0010884192, 0.017867744, -0.013820841, -0.02031111, 0.03266381, -0.03201037, -0.021398885, -0.030341782, -0.040387277, -0.04104445, 0.030372413, 0.022747137, 0.036908295, 0.023792712, -0.015696125, 0.04963007, -0.024379317, -0.007172192, -0.0062615923, -0.019088937, 0.029962713, -0.005073835, 0.03113471, -0.03694825, 0.017368324, 0.01119664, 0.022675084, -0.050400984, -0.027825918, -0.015916409, -0.03523316, 0.04478786, 0.0271595, 0.025685925, 0.05077089, -0.0022123968, 0.04553933, -0.02454838, -0.050232615, -0.02633726, 0.008497039, 0.0036615035, 0.0066324016, 0.020194037, 0.006797514, 0.020884085, 0.008319036, 0.038151592, -0.05160165, -0.015180722, 0.0122360885, 0.014966004, -0.052769177, -0.0034046047, 0.0012577295, -0.034997683, 0.03291287, 0.048029013, -0.012225028, 0.02115197, 0.032925565, -0.04644572, 0.028163496, 0.007536856, 0.019682521, 0.0042626904, 0.037683547, -0.0499691, 0.052946072, -0.028098138, 0.025057718, -0.02010617, -0.036042836, 0.039142862, -0.012404593, -0.01098894, 0.012971221, -0.0037201056, 0.04660773, 0.05256325, -0.037203934, -0.020183286, -0.001257859, -0.025913382, -0.023216626, -0.043746054, 0.016657336, -0.03393607, -0.038757034, 0.022563083, -0.007921776, 0.034210384, -0.014354926, 0.019408664, 0.01379036, -0.05189971, -0.016228162, 0.029749604, -0.02808519, -0.034241814, -0.017393963, -0.010808312, 0.04543934, 0.0073852097, -0.047012255, -0.037811592, -0.007465825, 0.04214914, 0.019319972, 0.0026806158, 0.0452393, -0.038242735, -0.04724694, -0.04950595, 0.019539136, 0.0024939831, -0.0009681838, -0.027512675, -0.012265104, -0.032739025, 0.029420037, 0.043196823, 0.0071936836, 0.029113311, 0.039342243, 0.048190758, -0.015029322, -0.007993682, -0.0296197, -0.01856008, -0.011687865, -0.033617362, 0.00882655, -0.031599753, -0.017143724, 0.0004886611, -0.00076274946, -0.007348665, -0.052134387, -0.047865078, 0.019405464, 7.89242e-5, -0.009105658, -0.040722266, 0.045012947, -0.028099788, 0.03846404, -0.016660962, -0.01957044, 0.047171306, -0.046435073, -0.023485571, 0.050038893, -0.018584387, -0.03991663, 0.022809446, -0.016958868, 0.0062111584, -0.019080983, -0.006480632, 0.024698721, -0.010496542, 0.02094534, 0.04750176, -0.045163993, 0.05156975, 0.0110297445, -0.027277786, -0.046917252, -0.012226053, -0.040811174, 0.02921856, 0.04803519, 0.007905, 0.03785476, -0.025575653, 0.040811256, 0.016734825, 0.040914003, 0.014133228, -0.05284823, -0.037720542, 0.04127375, -0.012012931, 0.012044216, -0.015402587, 0.025508301, 0.009792069, -0.048683174, -0.02760399, -2.397629e-5, -0.043977, -0.048346862, -0.019925201, -0.029338079, 0.05300407, 0.050310645, -0.011341904, 0.025184475, -0.019706592, 0.03536115, 0.043640394, 0.024792572, -0.008169631, -0.04477754, 0.045711573, -0.031045284, 0.020848582, -0.047066238, 0.028444016, 0.036405392, -0.026767572, -0.010056067, -0.016549258, -0.008800209, 0.047616, 0.00037733023, 0.002168228, 0.022067575, 0.01791734, 0.030792689, 0.0024883628, 0.03840391, 0.045218214, -0.04367511, -0.04255197, -0.025956795, -0.018231643, -0.038597163, -0.018999847, 0.030620053, -0.052227505, -0.031852417, -0.04733671, 0.00046730533, 0.0010143947, 0.023338152, -0.041109566, -0.019454842, 0.035682354, -0.052589156, -0.006923882, -0.02202428, 0.02260293, 0.003247986, 0.042123236, -0.018970815, -0.032573737, -0.010031677, -0.033408858, 0.00092622766, 0.001184413, -0.02882143, -0.0025203237, 0.0033784474, -0.03040272, -0.020910736, 0.010907641, -0.048760977, 0.029949177, 0.004976245, 0.047705337, -0.02183018, -0.032165106, -0.022147704, 0.04017319, 0.009179136, 0.03133577, 0.015768876, -0.051419087, -0.029509272, 0.032447692, -0.023172965, 0.016362583, -0.015308332, 0.023682576, 0.019099649, -0.025548039, -0.026970377, 0.032782096, -0.00026623008, -0.019692501, -0.025134236, -0.051727477, 0.0017877431, -0.030954931, 0.02238135, -0.0066822097, -0.027007842, 0.047531117, -0.022771182, 0.035408564, 0.012234306, 0.009601757, -0.047203742, -0.028531913, 0.016138619, -0.01394517, 0.013170321, -0.043368187, -0.025183953, 0.04651552, -0.0065363413, 0.034190815, -0.0045105675, -0.02289034, -0.018993713, 0.0058032866, -0.021658657, 0.03405429, 0.018041385, 0.0018819539, -0.047611177, -0.018937744, 0.037913907, 0.052458018, -0.017761886, -0.041700438, 0.036534373, -0.049623355, -0.04695184, 0.011752062, 0.018087555, 0.050918788, 0.029426731, -0.045454487, -0.02504815, -0.0352464, -0.049314637, 0.007925977, 8.6611784e-5, -0.014324131, 0.03236716, 0.0017452147, 0.021238757, 0.05149432, -0.03309251, 0.032505482, 0.025771987, -0.03578915, -0.04522402, 0.039076194, 0.010007062, 0.018359814, 0.014787659, -0.029017601, -0.029471694, 0.033295218, 0.010236609, 0.051554292, 0.039255235, 0.049850017, 0.003258152, 0.019844396, -0.042702973, 0.011030275, 0.014098824, -0.02790983, -0.00927139, 0.0025905836, -0.04615798, -0.016360981, 0.005530491, -0.025248177, 0.041217964, -0.029427169, -0.04575469, 0.013243763, -0.05171568, -0.01776891, -0.048685335, -0.02774152, 0.015318179, -0.02734059, 0.03962752, 0.043750886, -0.016162463, 0.035727732, -0.0062485565, 0.03738119, 0.012645851, -0.018281816, 0.0011082009, -0.013061161, -0.04074191, 0.003829107, -0.042103417, 0.026388725, -0.05150617, 0.046009157, -0.03590943, -0.048657406, -0.024935585, -0.036082197, 0.006313038, 0.0075296364, 0.018389944, 0.010127819, -0.034923613, 0.043195773, -0.005804529, -0.003676313, -0.03121151, 0.004969234, -0.050510753, -0.013786045, 0.029102065, 0.013748413, -0.019937227, -0.032442845, -0.007398293, 0.039271537, -0.03650858, 0.015888633, -0.017214581, 0.00507607, 0.027353764, 0.0461577, 0.029150732, 0.029604197, -0.014032294, -0.049109746, 0.013615618, -0.036250565, -0.013057495, 0.0013746491, -0.049902257, -0.0031481832, -0.016741378, 0.02044299, 0.01023853, 0.044914708, 0.017749535, 0.0018489655, 0.0031930287, -0.02957695, -0.048114765, -0.026606368, -0.052206293, -0.038510323, 0.0022890356, 0.050585978, -0.021719033, 0.033415597, -0.028943311, 0.011085259, -0.024038142, -0.0041869367, 0.03742089, 0.030041518, 0.008348421, -0.04294537, 0.051175505, -0.048428144, 0.038684025, -0.0028164033, 0.024251128, -0.046716977, 0.031081947, -0.043083318, 0.04289432, 0.015907733, -0.015312536, 0.039292306, 0.02618061, 0.016996196, 0.037355945, -0.025613667, 0.050623454, 0.0032935047, 0.029724563, -0.031942185, -0.010174668, -0.020007376, -0.031962372, -0.036236256, 0.045671396, 0.04173913, -0.03393784, -0.031904373, -0.009571914, 0.014530587, -0.0416704, -0.03957069, 0.0047456683, -0.01590912, 0.016861374, 0.024089158, -0.048465323, -0.03794351, -0.03820163, -0.025235483, -0.019962009, 0.04897459, 0.018413361, -0.0038476905, -0.033763535, 0.03566196, -0.020582888, -0.039662972, -0.03408431, 0.039519716, -0.052744202, 0.01921804, 0.04563654, 0.020371035, -0.052660767, -0.0056738523, -0.02236893, -0.047242813, -0.007076369, 0.028586762, -0.032421824, -0.017979098, -0.028448878, -0.029535824, 0.0011364478, -0.03878009, -0.012520204, 0.046684597, -0.052495863, -0.048300993, -0.033546615, 0.02999184, 0.045998797, -0.0046675815, -0.043086685, 0.00759371, 0.011823444, -0.015712626, -0.041572895, 0.052273322, -0.028461795, 0.0019709808, -0.003176588, 0.032342788, -0.0016244925, -0.026940936, 0.014017143, 0.027176475, -0.030464714, 0.02590803, 0.052310336, -0.0049915034, 0.006283874, -0.04012464, 0.020004906, 0.026767902, 0.026007306, -0.00616441, -0.016885387, -0.03171348, 0.023109287, -0.049202934, 0.006387069, -0.050412968, -0.044670865, 0.030440254, 0.018897666, -0.03251173, -0.037609283, 0.044967946, 0.012816906, 0.030195585, 0.042000607, 0.028974455, -0.043105077, 0.048707094, -0.023847325, 0.0087028975, 0.029331516, -0.009928558, 0.024521135, 0.02240674, -0.030216947, 0.03726855, 0.030017665, -0.03370792, -0.040610284, 0.050896574, 0.017849848, 0.017829522, 0.04622745, 0.00550715, 0.03539441, -0.043947462, -0.01744022, -0.031045234, -0.023009479, -0.037196454, -0.033071104, -0.05302762, 0.040536564, -0.0003843635, -0.009308424, -0.021712514, -0.04470488, -0.013123408, -0.049074564, -0.0053791003, 0.009481569, -0.0016428769, 0.00020047782, 0.02046907, -0.008764084, -0.012769576, 0.026037827, 0.010012815, 0.036491755, 0.009925615, -0.038388245, -0.031781454, -0.032856293, -0.019257665, -0.018187074, 0.0039040481, 0.012563898, -0.006659823, 0.025204439, -0.01677228, -0.022049408, 0.04621898, 0.043942258, -0.037148297, -0.036815733, 0.029260488, 0.0055483254, -0.00077578553, 0.0061380314, -0.0453078, 0.052558888, -0.02620601, -0.0031332886, 0.008652024, 0.014509629, 0.037336096, 0.009087561, 0.00447635, -0.0014733897, 0.015829448, -0.034424566, 0.022250244, -0.021558004, -0.0026042487, 0.047069274, -0.040155225, -0.015210233, -0.02181086, 0.02247981, 0.03872572, 0.009084039, -0.027068501, -0.03204935, -0.029026706, -0.044256914, -0.0074151917, 0.00024513662, 0.02237645, 0.00043573944, 0.04060777, 0.01714979, -0.04345834, 0.024438994, 0.023278465, -0.048419632, 0.03924543, -0.046947323, -0.010737689, -0.048587218, -0.0024755702, -0.04049771, 0.04208461, 0.02373312, -0.003183334, -0.012894329, 0.006785932, 0.040654678, 0.033406146, 0.04401077, 0.04158317, -0.030669674, -0.0013057358, 0.038347702, 0.031410445, -0.029720694, -0.0290833, -0.024773514, -0.04576288, 0.03066296, -0.0031918054, -0.021152781, -0.05298793, -0.004434141, -0.019644085, -0.049593437, 0.047347985, -0.0138070965, -0.030718442, -0.027433522, -0.011269447, 0.049407013, -0.0024243174, -0.006045019, 0.039580427, -0.04527392, 0.0040590833, -0.005773519, -0.046087697, -0.0036404417, 0.024456795, 0.0052481554, 0.04946609, 0.008224604, 0.02826251, -0.020237137, -0.021882582, 0.0066997563, 0.038544703, 0.020908955, -0.027364846, 0.04239017, -0.050531406, -0.038328268, -0.043753907, 0.04472045, -0.035594888, 0.026485428, -0.00046596822, 0.05121344, 0.002347293, -1.7154822e-5, -0.048695445, 0.015792476, 0.004795125, 0.003947847, 0.0064710253, 0.042014413, 0.010891166, -0.0079140505, -0.044536784, 0.0036137975, 0.03827473, -0.012432998, 0.0018507736, -0.005215126, -0.03850588, -0.040062062, -0.04713697, 0.031434577, 0.010333228, 0.026127929, -0.019958645, -0.036623597, -0.0019639474, -0.045977503, -0.014781498, -0.028221602, -0.03119461, 0.0011435536, 0.030890275, -0.01571982, -0.04006968, 0.015881453, 0.05296741, -0.03357573, -0.031366445, -0.023111453, 0.008583752, 0.018706664, -0.042572636, -0.05183043, -7.645544e-5, 0.045163434, 0.044413492, -0.011116581, -0.052393034, -0.006901647, -0.049779736, 0.03648508, 0.017694712, -0.026923297, 0.036106434, -0.032333292, -0.0061039967, -0.037037715, -0.04841457, 0.0059913667, -0.016117817, -0.028169602, -0.025038375, 0.052869152, -0.052262567, 0.047329, -0.04845745, -0.05242137, 0.04585097, -0.033774998, -0.04458808, -0.005482725, 0.049953446, -0.0056915665, -0.013854746, -0.020593839, 0.037232045, 0.043140627, 0.01488744, -0.033648532, -0.012784825, -0.027104277, 0.03880807, -0.0266734, 0.026964927, 0.04742444, -0.0045590512, 0.008007499, 0.030681888, 0.020454548, -0.0055026202, 0.038781196, -0.03023642, 0.024263874, -0.038340602, -0.037848357, -0.0017921969, -0.04387281, 0.018650835, 0.0259838, -0.01598697, -0.043049596, -0.018894698, -0.018577794, -0.040825903, 0.002859586, -0.008661264, -0.026354633, -0.031936318, 0.021208981, 0.020420035, 0.017501036, 0.032552462, 0.028046904, -0.013997245, 0.01323086, -0.048267122, -0.031156596, 0.04304347, 0.036096226, -0.031157235, 0.04280578, -0.008920997, -0.019683238, 0.025898997, -0.05153778, 0.0060815127, -0.01321129, 0.035320036, 0.035342045, 0.0003997102, -0.036952954, -0.034252696, 0.018810801, -0.008314936, 0.052615963, 0.031429164, -0.020928634, -0.00981968, -0.036017362, -0.0053725066, -0.028485723, -0.036183726, 0.010492771, -0.051412944, -0.024171125, -0.03609018, -0.051859707, 0.006943199, 0.018671377, 0.050101914, 0.008039135, 0.0149595365, -0.022624765, 0.0017506453, 0.011601079, 0.018663157, -0.023749314, -0.03303841, -0.021832481, -0.05229285, 0.024340622, -0.03627315, 0.050085872, 0.039093535, 0.016658416, -0.049346853, -0.011495359, -0.036463078, 0.017985012, 0.02853764, -0.03503449, 0.035904586, 0.005492521, -0.017947052, 0.016443834, 0.04694452, 0.040821012, 0.01580464, 0.044430047, 0.04088434, -0.028884776, -0.01582211, -0.03501115, 0.02589727, 0.009890212, 0.02455217, 0.051182516, 0.020911694, -0.041063406, 0.032945056, 0.012814738, 0.0061618653, -0.01816001, 0.0008418412, -0.013290088, -0.016857084, 0.03981934, -0.010734819, 0.029009972, 0.023481376, 0.036185347, -0.030631945, -0.046598207, 0.035580143, -0.048641156, 0.03813252, -0.04590557, -0.007025913, 0.046834182, -0.024596471, -0.017999025, 0.01202987, -0.002808349, 0.042414155, -0.033277776, 0.045928665, 0.0009531089, -0.032150086, -0.010837172, 0.045198195, 0.03887582, -0.03493739, 0.031382408, -0.0040167603, -0.04548205, 0.035588033, 0.0034093559, 0.0036007236, -0.03797177, 0.030196477, 0.045674086, -0.043774486, 0.05055847, 0.045445226, 0.048833106, -0.042043634, 0.03654482, 0.006704833, 0.006397405, 0.034513757, -0.031704064, -0.0038479813, -0.0035170042, -0.049066603, -0.007541133, 0.011792378, 0.027007436, 0.0516759, -0.035278883, -0.018774264, -0.021393454, -0.012359782, -0.026430063, -0.048250172, -0.023824861, -0.044333074, 0.007576786, 0.039521355, -0.03343097, 0.03662047, -0.031597856, 0.043579463, -0.018410727, -0.030606315, 0.020583529, -0.025961189, -0.027028263, -0.0076580965, 0.036074914, -0.03812722, -0.03749278, -0.028153367, -0.013065454, 0.00315717, -0.01284197, 0.04458979, 0.006403835, -0.029787637, -0.027395755, -0.04434753, -0.0033859105, 0.01607832, 0.050663486, 0.018821202, 0.035350636, -0.0035451308, -0.0015855867, -0.022292042, 0.03900544, -0.05014904, 0.046295203, -0.014408973, -0.019438595, 0.014980639, -0.0044780155, 0.00088288385, -0.040248893, 0.04214643, -0.025594296, -0.052641902, 0.027443979, 0.02094218, 0.028920831, -0.011897345, 0.019556776, -0.047414146, -0.022975402, 0.013647475, -0.026660364, 0.033142455, 0.03162573, -0.045629058, 0.047030564, -0.050015908, -0.024196673, -0.0030712127, 0.028848361, 0.041018303, 0.03349647, 0.008050476, 0.041600056, 0.04309416, 0.031893652, -0.05054228, -0.009057477, 0.030262005, 0.022272492, -0.02260244, -0.009752692, -0.027987016, -0.021811245, 0.015500847, 0.018842096, -0.0031148726, 0.006362666, -0.029892564, -0.029731328, 0.018779755, 0.016573727, -0.005930609, -0.017353868, -0.038182974, 0.0048685116, 0.040237755, 0.0045643775, -0.052740254, 0.002201779, 0.036297213, -0.04202953, 0.041881368, 0.047758576, -0.002139725, 0.05261897, 0.023663463, 0.05251114, -0.022359429, 0.026798354, 0.0022439659, 0.035376903, 0.029328836, -0.026458986, -0.015004609, -0.03510296, -0.037791558, -0.049992207, -0.027508065, 0.013387273, -0.0005894564, 0.002906584, -0.040815443, -0.016138913, 0.026781349, -0.026333999, 0.042736743, -0.033705443, -0.020797856, -0.031362522, -0.043191798, 0.047894165, -0.026781293, 0.05138436, 0.0077223633, 0.01688627, 0.048789, -0.014602585, 0.04020739, 0.05008522, 0.016735893, -0.035942808, 0.029836318, -0.020362217, -0.0058984803, 0.03309926, -0.023344578, -0.015675863, 0.049250625, -0.0077221766, -0.04306974, 0.028888943, 0.009284385, -0.02610442, 0.041838236, 0.010793225, -0.018116064, 0.030043522, 0.021100754, 0.010510902, 0.008713948, 0.00853334, 0.00795354, 0.030956903, -0.043431792, -0.011705326, 0.015669841, 0.001964741, -0.025498701, 0.038026866, -0.024802355, 0.0002769238, -0.010047576, 0.02493689, -0.025077168, 0.04962511, 0.048884373, -0.051393624, -0.03708029, -0.011257822, 0.03489844, -0.0023920878, 0.021563254, -0.035731368, -0.02772378, -0.043156948, -0.026459428, -0.0426314, -0.008947904, -0.008443571, 0.044891845, -0.012299591, -0.047514293, 0.008311007, -0.015416843, -0.052124754, 0.0206823, -0.03186087, -0.03151282, 0.007573884, -0.0008388161, 0.0002787319, 0.00928343, 0.0032577536, -0.028569642, 0.050170917, 0.006582609, 0.007219073, -0.027633298, -0.046074647, 0.02885792, -0.007907836, 0.0013623717, -0.049975023, 0.026166158, 0.020126106, 0.016306918, -0.03788228, 0.022543656, 0.005930701, 0.0053998334, 0.01059771, 0.045013223, -0.05218204, -0.04498811, 0.044916496, -0.03539979, 0.05294767, -0.05281958, 0.050281223, 0.021808682, 0.038547687, 0.012277751, 0.015985442, 0.0037397766, -0.030042307, -0.027629487, -0.04718589, -0.0035109413, 0.024415545, 0.04513556, 0.023446852, -0.017038386, 0.046678826, 0.009230357, 0.036034945, -0.005170126, 0.0040675043, -0.033007845, -0.017990623, -0.03188748, -0.008082273, 0.052294385, -0.040504478, 0.030623397, 0.040183872, -0.0120894965, 0.008092537, -0.031927086, 0.017561607, -0.043291084, 0.043598574, 0.005181749, -0.0014115097, 0.022643423, 0.023978142, -0.029263718, 0.047881275, 0.013880499, -0.016446253, -0.036819194, 0.0075993873, -0.04540337, 0.038166024, -0.036227133, -0.013600341, 0.021261662, 0.034741927, 0.011357928, 0.008947358, -0.008997747, -0.02526091, 0.038515218, -0.0076822913, -0.014105724, 0.032898266, -0.020958133, -0.014079399, 0.029124336, -0.02740312, 0.045065787, -0.052359495, -6.472176e-5, -0.03451586, -0.05229307, -0.043569904, 0.0051695537, -0.009086395, 0.024937859, -0.042969923, -0.03620141, -0.017034523, 0.02923568, -0.029867813, -0.032553397, -0.04562369, 0.031045374, 0.026745124, -0.013727306, -0.04562139, 0.042660873, 0.050364662, -0.04543482, 0.017883595, 0.012595471, -0.027445896, 0.0039238553, -0.030247299, 0.0440807, 0.015521413, 0.003842952, -0.012987086, 0.0070957807, -0.029501414, 0.014681753, -0.05195306, 0.017984658, 0.007814462, -0.033819776, -0.014966512, 0.024270024, -0.022054251, -0.03443828, 0.049927786, -0.034311883, 0.040213298, -0.021149544, 0.015878752, 0.023476098, -0.0140903555, 0.033685926, -0.0058228564, 0.033583958, 0.032927945, 0.05198998, -0.023871316, 0.022231277, -0.047341038, 0.015820842, -0.034803726, -0.018042628, 0.009571411, -0.03648597, 0.013544527, -0.048794422, 0.040383685, 0.0012457429, -0.04106913, -0.010018609, 0.043334626, 0.008190554, -0.0331712, 0.022220872, 0.0072634155, 0.043758497, 0.0013016865, 0.007072958, -0.03253217, -0.04426381, 0.021007568, -0.040651403, 0.03971143, 0.0425853, -0.034964442, 0.01623501, -0.03286382, -0.042759027, -0.003285365, -0.0121744145, 0.00042679376, -0.028927227, -0.027506473, 0.023463655, -0.016310785, 0.0006518769, 0.00319643, -0.0046197935, -0.010284064, 0.017987262, 0.047759235, 0.011112962, -0.03303414, 0.012530487, -0.009996703, 0.028269839, 0.04381734, -0.011957417, 0.0018776422, 0.008822909, 0.009203994, -0.0048066536, 0.038081042, -0.00788397, 0.022372214, -0.042849395, 0.05027304, -0.02528962, 0.0040308177, 0.025730476, 0.045653626, -0.021195821, 0.018507807, 0.0073463605, -0.013947339, -0.004761451, -0.0017636087, 0.012446726, -0.030957276, -0.031677753, 0.031995814, -0.00962995, 0.005723022, -0.023474034, 0.05091478, 0.031135071, -0.024320168, -0.012317975, 0.04497624, -0.044835992, -0.041864183, 0.015822183, 0.0037800036, 0.003061461, 0.0046769097, 0.009828863, -0.0047613624, 0.0090806885, -0.021873245, 0.02187557, -0.008290932, 0.008712886, -0.048949767, -0.005660241, 0.01626161, -0.006429196, -0.006160598, 0.01820378, -0.014384279, -0.04794685, 0.0037288459, -0.04414712, -0.04104584, 0.017581938, -0.036007844, 0.043076877, -0.03513848, -0.05140842, 0.020373892, 0.027709195, 0.003775711, 0.04653384, -0.026443832, 0.02799411, -0.036521103, 0.03708109, -0.036285195, 0.0044876346, -0.025451386, -0.025514841, -0.02204851, 0.048058767, 0.05105222, -0.028732117, 0.018125424, 0.02067846, 0.013743829, 0.03448884, -0.01885817, -0.033674728, 0.0024173853, -0.017428108, -0.031464662, 0.019166473, 0.044266433, 0.048260923, -0.044515718, 0.016376214, 0.028447462, -0.04748467, 0.037358284, -0.044657275, -0.052542645, -0.0392123, 0.014933761, 0.045388233, -0.022339558, 0.018421719, 0.002984642, 0.0, 0.0, 0.0, 0.0, 0.0, 0.0, 0.0, 0.0, 0.0, 0.0, 0.0, 0.0, 0.0, 0.0, 0.0, 0.0, 0.0, 0.0, 0.0, 0.0, 0.0, 0.0, 0.0, 0.0, 0.0, 0.0, 0.0, 0.0, 0.0, 0.0, 0.0, 0.0, 0.0, 0.0, 0.0, 0.0, 0.0, 0.0, 0.0, 0.0, 0.0, 0.0, 0.0, 0.0, 0.0, 0.0, 0.0, 0.0, 0.0, 0.0, 0.0, 0.0, 0.0, 0.0, 0.0, 0.0, 0.0, 0.0, 0.0, 0.0, 0.0, 0.0, 0.0, 0.0, 0.0, 0.0, 0.0, 0.0, 0.0, 0.0, 0.0, 0.0, 0.0, 0.0, 0.0, 0.0, 0.0, 0.0, 0.0, 0.0, 0.0, 0.0, 0.0, 0.0, 0.0, 0.0, 0.0, 0.0, 0.0, 0.0, 0.0, 0.0, 0.0, 0.0, 0.0, 0.0, 0.0, 0.0, 0.0, 0.0, 0.0, 0.0, 0.0, 0.0, 0.0, 0.0, 0.0, 0.0, 0.0, 0.0, 0.0, 0.0, 0.0, 0.0, 0.0, 0.0, 0.0, 0.0, 0.0, 0.0, 0.0, 0.0, 0.0, 0.0, 0.0, 0.0, 0.0, 0.0, 0.0, 0.0, 0.0, 0.0, 0.0, 0.0, 0.0, 0.0, 0.0, 0.0, 0.0, 0.0, 0.0, 0.0, 0.0, 0.0, 0.0, 0.0, 0.0, 0.0, 0.0, 0.0, 0.0, 0.0, 0.0, 0.0, 0.0, 0.0, 0.0, 0.0, 0.0, 0.0, 0.0, 0.0, 0.0, 0.0, 0.0, 0.0, 0.0, 0.0, 0.0, 0.0, 0.0, 0.0, 0.0, 0.0, 0.0, 0.0, 0.0, 0.0, 0.0, 0.0, 0.0, 0.0, 0.0, 0.0, 0.0, 0.0, 0.0, 0.0, 0.0, 0.0, 0.0, 0.0, 0.0, 0.0, 0.0, 0.0, 0.0, 0.0, 0.0, 0.0, 0.0, 0.0, 0.0, 0.0, 0.0, 0.0, 0.0, 0.0, 0.0, 0.0, 0.0, 0.0, 0.0, 0.0, 0.0, 0.0, 0.0, 0.0, 0.0, 0.0, 0.0, 0.0, 0.0, 0.0, 0.0, 0.0, 0.0, 0.0, 0.0, 0.0, 0.0, 0.0, 0.0, 0.0, 0.0, 0.0, 0.0, 0.0, 0.0, 0.0, 0.0, 0.0, 0.0, 0.0, 0.0, 0.0, 0.0, 0.0, 0.0, 0.0, 0.0, 0.0, 0.0, 0.0, 0.0, 0.0], first_moment: [0.100000024, 0.100000024, 0.0, 0.0, 0.0, 0.0, 0.0, 0.0, 0.0, 0.0, 0.0, 0.0, 0.0, 0.0, 0.0, 0.0, 0.0, 0.0, 0.0, 0.0, 0.0, 0.0, 0.0, 0.0, 0.0, 0.0, 0.0, 0.0, 0.0, 0.0, 0.0, 0.0, 0.0, 0.0, 0.0, 0.0, 0.0, 0.0, 0.0, 0.0, 0.0, 0.0, 0.0, 0.0, 0.0, 0.0, 0.0, 0.0, 0.0, 0.0, 0.0, 0.0, 0.0, 0.0, 0.0, 0.0, 0.0, 0.0, 0.0, 0.0, 0.0, 0.0, 0.0, 0.0, 0.0, 0.0, 0.0, 0.0, 0.0, 0.0, 0.0, 0.0, 0.0, 0.0, 0.0, 0.0, 0.0, 0.0, 0.0, 0.0, 0.0, 0.0, 0.0, 0.0, 0.0, 0.0, 0.0, 0.0, 0.0, 0.0, 0.0, 0.0, 0.0, 0.0, 0.0, 0.0, 0.0, 0.0, 0.0, 0.0, 0.0, 0.0, 0.0, 0.0, 0.0, 0.0, 0.0, 0.0, 0.0, 0.0, 0.0, 0.0, 0.0, 0.0, 0.0, 0.0, 0.0, 0.0, 0.0, 0.0, 0.0, 0.0, 0.0, 0.0, 0.0, 0.0, 0.0, 0.0, 0.0, 0.0, 0.0, 0.0, 0.0, 0.0, 0.0, 0.0, 0.0, 0.0, 0.0, 0.0, 0.0, 0.0, 0.0, 0.0, 0.0, 0.0, 0.0, 0.0, 0.0, 0.0, 0.0, 0.0, 0.0, 0.0, 0.0, 0.0, 0.0, 0.0, 0.0, 0.0, 0.0, 0.0, 0.0, 0.0, 0.0, 0.0, 0.0, 0.0, 0.0, 0.0, 0.0, 0.0, 0.0, 0.0, 0.0, 0.0, 0.0, 0.0, 0.0, 0.0, 0.0, 0.0, 0.0, 0.0, 0.0, 0.0, 0.0, 0.0, 0.0, 0.0, 0.0, 0.0, 0.0, 0.0, 0.0, 0.0, 0.0, 0.0, 0.0, 0.0, 0.0, 0.0, 0.0, 0.0, 0.0, 0.0, 0.0, 0.0, 0.0, 0.0, 0.0, 0.0, 0.0, 0.0, 0.0, 0.0, 0.0, 0.0, 0.0, 0.0, 0.0, 0.0, 0.0, 0.0, 0.0, 0.0, 0.0, 0.0, 0.0, 0.0, 0.0, 0.0, 0.0, 0.0, 0.0, 0.0, 0.0, 0.0, 0.0, 0.0, 0.0, 0.0, 0.0, 0.0, 0.0, 0.0, 0.0, 0.0, 0.0, 0.0, 0.0, 0.0, 0.0, 0.0, 0.0, 0.0, 0.0, 0.0, 0.0, 0.0, 0.0, 0.0, 0.0, 0.0, 0.0, 0.0, 0.0, 0.0, 0.0, 0.0, 0.0, 0.0, 0.0, 0.0, 0.0, 0.0, 0.0, 0.0, 0.0, 0.0, 0.0, 0.0, 0.0, 0.0, 0.0, 0.0, 0.0, 0.0, 0.0, 0.0, 0.0, 0.0, 0.0, 0.0, 0.0, 0.0, 0.0, 0.0, 0.0, 0.0, 0.0, 0.0, 0.0, 0.0, 0.0, 0.0, 0.0, 0.0, 0.0, 0.0, 0.0, 0.0, 0.0, 0.0, 0.0, 0.0, 0.0, 0.0, 0.0, 0.0, 0.0, 0.0, 0.0, 0.0, 0.0, 0.0, 0.0, 0.0, 0.0, 0.0, 0.0, 0.0, 0.0, 0.0, 0.0, 0.0, 0.0, 0.0, 0.0, 0.0, 0.0, 0.0, 0.0, 0.0, 0.0, 0.0, 0.0, 0.0, 0.0, 0.0, 0.0, 0.0, 0.0, 0.0, 0.0, 0.0, 0.0, 0.0, 0.0, 0.0, 0.0, 0.0, 0.0, 0.0, 0.0, 0.0, 0.0, 0.0, 0.0, 0.0, 0.0, 0.0, 0.0, 0.0, 0.0, 0.0, 0.0, 0.0, 0.0, 0.0, 0.0, 0.0, 0.0, 0.0, 0.0, 0.0, 0.0, 0.0, 0.0, 0.0, 0.0, 0.0, 0.0, 0.0, 0.0, 0.0, 0.0, 0.0, 0.0, 0.0, 0.0, 0.0, 0.0, 0.0, 0.0, 0.0, 0.0, 0.0, 0.0, 0.0, 0.0, 0.0, 0.0, 0.0, 0.0, 0.0, 0.0, 0.0, 0.0, 0.0, 0.0, 0.0, 0.0, 0.0, 0.0, 0.0, 0.0, 0.0, 0.0, 0.0, 0.0, 0.0, 0.0, 0.0, 0.0, 0.0, 0.0, 0.0, 0.0, 0.0, 0.0, 0.0, 0.0, 0.0, 0.0, 0.0, 0.0, 0.0, 0.0, 0.0, 0.0, 0.0, 0.0, 0.0, 0.0, 0.0, 0.0, 0.0, 0.0, 0.0, 0.0, 0.0, 0.0, 0.0, 0.0, 0.0, 0.0, 0.0, 0.0, 0.0, 0.0, 0.0, 0.0, 0.0, 0.0, 0.0, 0.0, 0.0, 0.0, 0.0, 0.0, 0.0, 0.0, 0.0, 0.0, 0.0, 0.0, 0.0, 0.0, 0.0, 0.0, 0.0, 0.0, 0.0, 0.0, 0.0, 0.0, 0.0, 0.0, 0.0, 0.0, 0.0, 0.0, 0.0, 0.0, 0.0, 0.0, 0.0, 0.0, 0.0, 0.0, 0.0, 0.0, 0.0, 0.0, 0.0, 0.0, 0.0, 0.0, 0.0, 0.0, 0.0, 0.0, 0.0, 0.0, 0.0, 0.0, 0.0, 0.0, 0.0, 0.0, 0.0, 0.0, 0.0, 0.0, 0.0, 0.0, 0.0, 0.0, 0.0, 0.0, 0.0, 0.0, 0.0, 0.0, 0.0, 0.0, 0.0, 0.0, 0.0, 0.0, 0.0, 0.0, 0.0, 0.0, 0.0, 0.0, 0.0, 0.0, 0.0, 0.0, 0.0, 0.0, 0.0, 0.0, 0.0, 0.0, 0.0, 0.0, 0.0, 0.0, 0.0, 0.0, 0.0, 0.0, 0.0, 0.0, 0.0, 0.0, 0.0, 0.0, 0.0, 0.0, 0.0, 0.0, 0.0, 0.0, 0.0, 0.0, 0.0, 0.0, 0.0, 0.0, 0.0, 0.0, 0.0, 0.0, 0.0, 0.0, 0.0, 0.0, 0.0, 0.0, 0.0, 0.0, 0.0, 0.0, 0.0, 0.0, 0.0, 0.0, 0.0, 0.0, 0.0, 0.0, 0.0, 0.0, 0.0, 0.0, 0.0, 0.0, 0.0, 0.0, 0.0, 0.0, 0.0, 0.0, 0.0, 0.0, 0.0, 0.0, 0.0, 0.0, 0.0, 0.0, 0.0, 0.0, 0.0, 0.0, 0.0, 0.0, 0.0, 0.0, 0.0, 0.0, 0.0, 0.0, 0.0, 0.0, 0.0, 0.0, 0.0, 0.0, 0.0, 0.0, 0.0, 0.0, 0.0, 0.0, 0.0, 0.0, 0.0, 0.0, 0.0, 0.0, 0.0, 0.0, 0.0, 0.0, 0.0, 0.0, 0.0, 0.0, 0.0, 0.0, 0.0, 0.0, 0.0, 0.0, 0.0, 0.0, 0.0, 0.0, 0.0, 0.0, 0.0, 0.0, 0.0, 0.0, 0.0, 0.0, 0.0, 0.0, 0.0, 0.0, 0.0, 0.0, 0.0, 0.0, 0.0, 0.0, 0.0, 0.0, 0.0, 0.0, 0.0, 0.0, 0.0, 0.0, 0.0, 0.0, 0.0, 0.0, 0.0, 0.0, 0.0, 0.0, 0.0, 0.0, 0.0, 0.0, 0.0, 0.0, 0.0, 0.0, 0.0, 0.0, 0.0, 0.0, 0.0, 0.0, 0.0, 0.0, 0.0, 0.0, 0.0, 0.0, 0.0, 0.0, 0.0, 0.0, 0.0, 0.0, 0.0, 0.0, 0.0, 0.0, 0.0, 0.0, 0.0, 0.0, 0.0, 0.0, 0.0, 0.0, 0.0, 0.0, 0.0, 0.0, 0.0, 0.0, 0.0, 0.0, 0.0, 0.0, 0.0, 0.0, 0.0, 0.0, 0.0, 0.0, 0.0, 0.0, 0.0, 0.0, 0.0, 0.0, 0.0, 0.0, 0.0, 0.0, 0.0, 0.0, 0.0, 0.0, 0.0, 0.0, 0.0, 0.0, 0.0, 0.0, 0.0, 0.0, 0.0, 0.0, 0.0, 0.0, 0.0, 0.0, 0.0, 0.0, 0.0, 0.0, 0.0, 0.0, 0.0, 0.0, 0.0, 0.0, 0.0, 0.0, 0.0, 0.0, 0.0, 0.0, 0.0, 0.0, 0.0, 0.0, 0.0, 0.0, 0.0, 0.0, 0.0, 0.0, 0.0, 0.0, 0.0, 0.0, 0.0, 0.0, 0.0, 0.0, 0.0, 0.0, 0.0, 0.0, 0.0, 0.0, 0.0, 0.0, 0.0, 0.0, 0.0, 0.0, 0.0, 0.0, 0.0, 0.0, 0.0, 0.0, 0.0, 0.0, 0.0, 0.0, 0.0, 0.0, 0.0, 0.0, 0.0, 0.0, 0.0, 0.0, 0.0, 0.0, 0.0, 0.0, 0.0, 0.0, 0.0, 0.0, 0.0, 0.0, 0.0, 0.0, 0.0, 0.0, 0.0, 0.0, 0.0, 0.0, 0.0, 0.0, 0.0, 0.0, 0.0, 0.0, 0.0, 0.0, 0.0, 0.0, 0.0, 0.0, 0.0, 0.0, 0.0, 0.0, 0.0, 0.0, 0.0, 0.0, 0.0, 0.0, 0.0, 0.0, 0.0, 0.0, 0.0, 0.0, 0.0, 0.0, 0.0, 0.0, 0.0, 0.0, 0.0, 0.0, 0.0, 0.0, 0.0, 0.0, 0.0, 0.0, 0.0, 0.0, 0.0, 0.0, 0.0, 0.0, 0.0, 0.0, 0.0, 0.0, 0.0, 0.0, 0.0, 0.0, 0.0, 0.0, 0.0, 0.0, 0.0, 0.0, 0.0, 0.0, 0.0, 0.0, 0.0, 0.0, 0.0, 0.0, 0.0, 0.0, 0.0, 0.0, 0.0, 0.0, 0.0, 0.0, 0.0, 0.0, 0.0, 0.0, 0.0, 0.0, 0.0, 0.0, 0.0, 0.0, 0.0, 0.0, 0.0, 0.0, 0.0, 0.0, 0.0, 0.0, 0.0, 0.0, 0.0, 0.0, 0.0, 0.0, 0.0, 0.0, 0.0, 0.0, 0.0, 0.0, 0.0, 0.0, 0.0, 0.0, 0.0, 0.0, 0.0, 0.0, 0.0, 0.0, 0.0, 0.0, 0.0, 0.0, 0.0, 0.0, 0.0, 0.0, 0.0, 0.0, 0.0, 0.0, 0.0, 0.0, 0.0, 0.0, 0.0, 0.0, 0.0, 0.0, 0.0, 0.0, 0.0, 0.0, 0.0, 0.0, 0.0, 0.0, 0.0, 0.0, 0.0, 0.0, 0.0, 0.0, 0.0, 0.0, 0.0, 0.0, 0.0, 0.0, 0.0, 0.0, 0.0, 0.0, 0.0, 0.0, 0.0, 0.0, 0.0, 0.0, 0.0, 0.0, 0.0, 0.0, 0.0, 0.0, 0.0, 0.0, 0.0, 0.0, 0.0, 0.0, 0.0, 0.0, 0.0, 0.0, 0.0, 0.0, 0.0, 0.0, 0.0, 0.0, 0.0, 0.0, 0.0, 0.0, 0.0, 0.0, 0.0, 0.0, 0.0, 0.0, 0.0, 0.0, 0.0, 0.0, 0.0, 0.0, 0.0, 0.0, 0.0, 0.0, 0.0, 0.0, 0.0, 0.0, 0.0, 0.0, 0.0, 0.0, 0.0, 0.0, 0.0, 0.0, 0.0, 0.0, 0.0, 0.0, 0.0, 0.0, 0.0, 0.0, 0.0, 0.0, 0.0, 0.0, 0.0, 0.0, 0.0, 0.0, 0.0, 0.0, 0.0, 0.0, 0.0, 0.0, 0.0, 0.0, 0.0, 0.0, 0.0, 0.0, 0.0, 0.0, 0.0, 0.0, 0.0, 0.0, 0.0, 0.0, 0.0, 0.0, 0.0, 0.0, 0.0, 0.0, 0.0, 0.0, 0.0, 0.0, 0.0, 0.0, 0.0, 0.0, 0.0, 0.0, 0.0, 0.0, 0.0, 0.0, 0.0, 0.0, 0.0, 0.0, 0.0, 0.0, 0.0, 0.0, 0.0, 0.0, 0.0, 0.0, 0.0, 0.0, 0.0, 0.0, 0.0, 0.0, 0.0, 0.0, 0.0, 0.0, 0.0, 0.0, 0.0, 0.0, 0.0, 0.0, 0.0, 0.0, 0.0, 0.0, 0.0, 0.0, 0.0, 0.0, 0.0, 0.0, 0.0, 0.0, 0.0, 0.0, 0.0, 0.0, 0.0, 0.0, 0.0, 0.0, 0.0, 0.0, 0.0, 0.0, 0.0, 0.0, 0.0, 0.0, 0.0, 0.0, 0.0, 0.0, 0.0, 0.0, 0.0, 0.0, 0.0, 0.0, 0.0, 0.0, 0.0, 0.0, 0.0, 0.0, 0.0, 0.0, 0.0, 0.0, 0.0, 0.0, 0.0, 0.0, 0.0, 0.0, 0.0, 0.0, 0.0, 0.0, 0.0, 0.0, 0.0, 0.0, 0.0, 0.0, 0.0, 0.0, 0.0, 0.0, 0.0, 0.0, 0.0, 0.0, 0.0, 0.0, 0.0, 0.0, 0.0, 0.0, 0.0, 0.0, 0.0, 0.0, 0.0, 0.0, 0.0, 0.0, 0.0, 0.0, 0.0, 0.0, 0.0, 0.0, 0.0, 0.0, 0.0, 0.0, 0.0, 0.0, 0.0, 0.0, 0.0, 0.0, 0.0, 0.0, 0.0, 0.0, 0.0, 0.0, 0.0, 0.0, 0.0, 0.0, 0.0, 0.0, 0.0, 0.0, 0.0, 0.0, 0.0, 0.0, 0.0, 0.0, 0.0, 0.0, 0.0, 0.0, 0.0, 0.0, 0.0, 0.0, 0.0, 0.0, 0.0, 0.0, 0.0, 0.0, 0.0, 0.0, 0.0, 0.0, 0.0, 0.0, 0.0, 0.0, 0.0, 0.0, 0.0, 0.0, 0.0, 0.0, 0.0, 0.0, 0.0, 0.0, 0.0, 0.0, 0.0, 0.0, 0.0, 0.0, 0.0, 0.0, 0.0, 0.0, 0.0, 0.0, 0.0, 0.0, 0.0, 0.0, 0.0, 0.0, 0.0, 0.0, 0.0, 0.0, 0.0, 0.0, 0.0, 0.0, 0.0, 0.0, 0.0, 0.0, 0.0, 0.0, 0.0, 0.0, 0.0, 0.0, 0.0, 0.0, 0.0, 0.0, 0.0, 0.0, 0.0, 0.0, 0.0, 0.0, 0.0, 0.0, 0.0, 0.0, 0.0, 0.0, 0.0, 0.0, 0.0, 0.0, 0.0, 0.0, 0.0, 0.0, 0.0, 0.0, 0.0, 0.0, 0.0, 0.0, 0.0, 0.0, 0.0, 0.0, 0.0, 0.0, 0.0, 0.0, 0.0, 0.0, 0.0, 0.0, 0.0, 0.0, 0.0, 0.0, 0.0, 0.0, 0.0, 0.0, 0.0, 0.0, 0.0, 0.0, 0.0, 0.0, 0.0, 0.0, 0.0, 0.0, 0.0, 0.0, 0.0, 0.0, 0.0, 0.0, 0.0, 0.0, 0.0, 0.0, 0.0, 0.0, 0.0, 0.0, 0.0, 0.0, 0.0, 0.0, 0.0, 0.0, 0.0, 0.0, 0.0, 0.0, 0.0, 0.0, 0.0, 0.0, 0.0, 0.0, 0.0, 0.0, 0.0, 0.0, 0.0, 0.0, 0.0, 0.0, 0.0, 0.0, 0.0, 0.0, 0.0, 0.0, 0.0, 0.0, 0.0, 0.0, 0.0, 0.0, 0.0, 0.0, 0.0, 0.0, 0.0, 0.0, 0.0, 0.0, 0.0, 0.0, 0.0, 0.0, 0.0, 0.0, 0.0, 0.0, 0.0, 0.0, 0.0, 0.0, 0.0, 0.0, 0.0, 0.0, 0.0, 0.0, 0.0, 0.0, 0.0, 0.0, 0.0, 0.0, 0.0, 0.0, 0.0, 0.0, 0.0, 0.0, 0.0, 0.0, 0.0, 0.0, 0.0, 0.0, 0.0, 0.0, 0.0, 0.0, 0.0, 0.0, 0.0, 0.0, 0.0, 0.0, 0.0, 0.0, 0.0, 0.0, 0.0, 0.0, 0.0, 0.0, 0.0, 0.0, 0.0, 0.0, 0.0, 0.0, 0.0, 0.0, 0.0, 0.0, 0.0, 0.0, 0.0, 0.0, 0.0, 0.0, 0.0, 0.0, 0.0, 0.0, 0.0, 0.0, 0.0, 0.0, 0.0, 0.0, 0.0, 0.0, 0.0, 0.0, 0.0, 0.0, 0.0, 0.0, 0.0, 0.0, 0.0, 0.0, 0.0, 0.0, 0.0, 0.0, 0.0, 0.0, 0.0, 0.0, 0.0, 0.0, 0.0, 0.0, 0.0, 0.0, 0.0, 0.0, 0.0, 0.0, 0.0, 0.0, 0.0, 0.0, 0.0, 0.0, 0.0, 0.0, 0.0, 0.0, 0.0, 0.0, 0.0, 0.0, 0.0, 0.0, 0.0, 0.0, 0.0, 0.0, 0.0, 0.0, 0.0, 0.0, 0.0, 0.0, 0.0, 0.0, 0.0, 0.0, 0.0, 0.0, 0.0, 0.0, 0.0, 0.0, 0.0, 0.0, 0.0, 0.0, 0.0, 0.0, 0.0, 0.0, 0.0, 0.0, 0.0, 0.0, 0.0, 0.0, 0.0, 0.0, 0.0, 0.0, 0.0, 0.0, 0.0, 0.0, 0.0, 0.0, 0.0, 0.0, 0.0, 0.0, 0.0, 0.0, 0.0, 0.0, 0.0, 0.0, 0.0, 0.0, 0.0, 0.0, 0.0, 0.0, 0.0, 0.0, 0.0, 0.0, 0.0, 0.0, 0.0, 0.0, 0.0, 0.0, 0.0, 0.0, 0.0, 0.0, 0.0, 0.0, 0.0, 0.0, 0.0, 0.0, 0.0, 0.0, 0.0, 0.0, 0.0, 0.0, 0.0, 0.0, 0.0, 0.0, 0.0, 0.0, 0.0, 0.0, 0.0, 0.0, 0.0, 0.0, 0.0, 0.0, 0.0, 0.0, 0.0, 0.0, 0.0, 0.0, 0.0, 0.0, 0.0, 0.0, 0.0, 0.0, 0.0, 0.0, 0.0, 0.0, 0.0, 0.0, 0.0, 0.0, 0.0, 0.0, 0.0, 0.0, 0.0, 0.0, 0.0, 0.0, 0.0, 0.0, 0.0, 0.0, 0.0, 0.0, 0.0, 0.0, 0.0, 0.0, 0.0, 0.0, 0.0, 0.0, 0.0, 0.0, 0.0, 0.0, 0.0, 0.0, 0.0, 0.0, 0.0, 0.0, 0.0, 0.0, 0.0, 0.0, 0.0, 0.0, 0.0, 0.0, 0.0, 0.0, 0.0, 0.0, 0.0, 0.0, 0.0, 0.0, 0.0, 0.0, 0.0, 0.0, 0.0, 0.0, 0.0, 0.0, 0.0, 0.0, 0.0, 0.0, 0.0, 0.0, 0.0, 0.0, 0.0, 0.0, 0.0, 0.0, 0.0, 0.0, 0.0, 0.0, 0.0, 0.0, 0.0, 0.0, 0.0, 0.0, 0.0, 0.0, 0.0, 0.0, 0.0, 0.0, 0.0, 0.0, 0.0, 0.0, 0.0, 0.0, 0.0, 0.0, 0.0, 0.0, 0.0, 0.0, 0.0, 0.0, 0.0, 0.0, 0.0, 0.0, 0.0, 0.0, 0.0, 0.0, 0.0, 0.0, 0.0, 0.0, 0.0, 0.0, 0.0, 0.0, 0.0, 0.0, 0.0, 0.0, 0.0, 0.0, 0.0, 0.0, 0.0, 0.0, 0.0, 0.0, 0.0, 0.0, 0.0, 0.0, 0.0, 0.0, 0.0, 0.0, 0.0, 0.0, 0.0, 0.0, 0.0, 0.0, 0.0, 0.0, 0.0, 0.0, 0.0, 0.0, 0.0, 0.0, 0.0, 0.0, 0.0, 0.0, 0.0, 0.0, 0.0, 0.0, 0.0, 0.0, 0.0, 0.0, 0.0, 0.0, 0.0, 0.0, 0.0, 0.0, 0.0, 0.0, 0.0, 0.0, 0.0, 0.0, 0.0, 0.0, 0.0, 0.0, 0.0, 0.0, 0.0, 0.0, 0.0, 0.0, 0.0, 0.0, 0.0, 0.0, 0.0, 0.0, 0.0, 0.0, 0.0, 0.0, 0.0, 0.0, 0.0, 0.0, 0.0, 0.0, 0.0, 0.0, 0.0, 0.0, 0.0, 0.0, 0.0, 0.0, 0.0, 0.0, 0.0, 0.0, 0.0, 0.0, 0.0, 0.0, 0.0, 0.0, 0.0, 0.0, 0.0, 0.0, 0.0, 0.0, 0.0, 0.0, 0.0, 0.0, 0.0, 0.0, 0.0, 0.0, 0.0, 0.0, 0.0, 0.0, 0.0, 0.0, 0.0, 0.0, 0.0, 0.0, 0.0, 0.0, 0.0, 0.0, 0.0, 0.0, 0.0, 0.0, 0.0, 0.0, 0.0, 0.0, 0.0, 0.0, 0.0, 0.0, 0.0, 0.0, 0.0, 0.0, 0.0, 0.0, 0.0, 0.0, 0.0, 0.0, 0.0, 0.0, 0.0, 0.0, 0.0, 0.0, 0.0, 0.0, 0.0, 0.0, 0.0, 0.0, 0.0, 0.0, 0.0, 0.0, 0.0, 0.0, 0.0, 0.0, 0.0, 0.0, 0.0, 0.0, 0.0, 0.0, 0.0, 0.0, 0.0, 0.0, 0.0, 0.0, 0.0, 0.0, 0.0, 0.0, 0.0, 0.0, 0.0, 0.0, 0.0, 0.0, 0.0, 0.0, 0.0, 0.0, 0.0, 0.0, 0.0, 0.0, 0.0, 0.0, 0.0, 0.0, 0.0, 0.0, 0.0, 0.0, 0.0, 0.0, 0.0, 0.0, 0.0, 0.0, 0.0, 0.0, 0.0, 0.0, 0.0, 0.0, 0.0, 0.0, 0.0, 0.0, 0.0, 0.0, 0.0, 0.0, 0.0, 0.0, 0.0, 0.0, 0.0, 0.0, 0.0, 0.0, 0.0, 0.0, 0.0, 0.0, 0.0, 0.0, 0.0, 0.0, 0.0, 0.0, 0.0, 0.0, 0.0, 0.0, 0.0, 0.0, 0.0, 0.0, 0.0, 0.0, 0.0, 0.0, 0.0, 0.0, 0.0, 0.0, 0.0, 0.0, 0.0, 0.0, 0.0, 0.0, 0.0, 0.0, 0.0, 0.0, 0.0, 0.0, 0.0, 0.0, 0.0, 0.0, 0.0, 0.0, 0.0, 0.0, 0.0, 0.0, 0.0, 0.0, 0.0, 0.0, 0.0, 0.0, 0.0, 0.0, 0.0, 0.0, 0.0, 0.0, 0.0, 0.0, 0.0, 0.0, 0.0, 0.0, 0.0, 0.0, 0.0, 0.0, 0.0, 0.0, 0.0, 0.0, 0.0, 0.0, 0.0, 0.0, 0.0, 0.0, 0.0, 0.0, 0.0, 0.0, 0.0, 0.0, 0.0, 0.0, 0.0, 0.0, 0.0, 0.0, 0.0, 0.0, 0.0, 0.0, 0.0, 0.0, 0.0, 0.0, 0.0, 0.0, 0.0, 0.0, 0.0, 0.0, 0.0, 0.0, 0.0, 0.0, 0.0, 0.0, 0.0, 0.0, 0.0, 0.0, 0.0, 0.0, 0.0, 0.0, 0.0, 0.0, 0.0, 0.0, 0.0, 0.0, 0.0, 0.0, 0.0, 0.0, 0.0, 0.0, 0.0, 0.0, 0.0, 0.0, 0.0, 0.0, 0.0, 0.0, 0.0, 0.0, 0.0, 0.0, 0.0, 0.0, 0.0, 0.0, 0.0, 0.0, 0.0, 0.0, 0.0, 0.0, 0.0, 0.0, 0.0, 0.0, 0.0, 0.0, 0.0, 0.0, 0.0, 0.0, 0.0, 0.0, 0.0, 0.0, 0.0, 0.0, 0.0, 0.0, 0.0, 0.0, 0.0, 0.0, 0.0, 0.0, 0.0, 0.0, 0.0, 0.0, 0.0, 0.0, 0.0, 0.0, 0.0, 0.0, 0.0, 0.0, 0.0, 0.0, 0.0, 0.0, 0.0, 0.0, 0.0, 0.0, 0.0, 0.0, 0.0, 0.0, 0.0, 0.0, 0.0, 0.0, 0.0, 0.0, 0.0, 0.0, 0.0, 0.0, 0.0, 0.0, 0.0, 0.0, 0.0, 0.0, 0.0, 0.0, 0.0, 0.0, 0.0, 0.0, 0.0, 0.0, 0.0, 0.0, 0.0, 0.0, 0.0, 0.0, 0.0, 0.0, 0.0, 0.0, 0.0, 0.0, 0.0, 0.0, 0.0, 0.0, 0.0, 0.0, 0.0, 0.0, 0.0, 0.0, 0.0, 0.0, 0.0, 0.0, 0.0, 0.0, 0.0, 0.0, 0.0, 0.0, 0.0, 0.0, 0.0, 0.0, 0.0, 0.0, 0.0, 0.0, 0.0, 0.0, 0.0, 0.0, 0.0, 0.0, 0.0, 0.0, 0.0, 0.0, 0.0, 0.0, 0.0, 0.0, 0.0, 0.0, 0.0, 0.0, 0.0, 0.0, 0.0, 0.0, 0.0, 0.0, 0.0, 0.0, 0.0, 0.0, 0.0, 0.0, 0.0, 0.0, 0.0, 0.0, 0.0, 0.0, 0.0, 0.0, 0.0, 0.0, 0.0, 0.0, 0.0, 0.0, 0.0, 0.0, 0.0, 0.0, 0.0, 0.0, 0.0, 0.0, 0.0, 0.0, 0.0, 0.0, 0.0, 0.0, 0.0, 0.0, 0.0, 0.0, 0.0, 0.0, 0.0, 0.0, 0.0, 0.0, 0.0, 0.0, 0.0, 0.0, 0.0, 0.0, 0.0, 0.0, 0.0, 0.0, 0.0, 0.0, 0.0, 0.0, 0.0, 0.0, 0.0, 0.0, 0.0, 0.0, 0.0, 0.0, 0.0, 0.0, 0.0, 0.0, 0.0, 0.0, 0.0, 0.0, 0.0, 0.0, 0.0, 0.0, 0.0, 0.0, 0.0, 0.0, 0.0, 0.0, 0.0, 0.0, 0.0, 0.0, 0.0, 0.0, 0.0, 0.0, 0.0, 0.0, 0.0, 0.0, 0.0, 0.0, 0.0, 0.0, 0.0, 0.0, 0.0, 0.0, 0.0, 0.0, 0.0, 0.0, 0.0, 0.0, 0.0, 0.0, 0.0, 0.0, 0.0, 0.0, 0.0, 0.0, 0.0, 0.0, 0.0, 0.0, 0.0, 0.0, 0.0, 0.0, 0.0, 0.0, 0.0, 0.0, 0.0, 0.0, 0.0, 0.0, 0.0, 0.0, 0.0, 0.0, 0.0, 0.0, 0.0, 0.0, 0.0, 0.0, 0.0, 0.0, 0.0, 0.0, 0.0, 0.0, 0.0, 0.0, 0.0, 0.0, 0.0, 0.0, 0.0, 0.0, 0.0, 0.0, 0.0, 0.0, 0.0, 0.0, 0.0, 0.0, 0.0, 0.0, 0.0, 0.0, 0.0, 0.0, 0.0, 0.0, 0.0, 0.0, 0.0, 0.0, 0.0, 0.0, 0.0, 0.0, 0.0, 0.0, 0.0, 0.0, 0.0, 0.0, 0.0, 0.0, 0.0, 0.0, 0.0, 0.0, 0.0, 0.0, 0.0, 0.0, 0.0, 0.0, 0.0, 0.0, 0.0, 0.0, 0.0, 0.0, 0.0, 0.0, 0.0, 0.0, 0.0, 0.0, 0.0, 0.0, 0.0, 0.0, 0.0, 0.0, 0.0, 0.0, 0.0, 0.0, 0.0, 0.0, 0.0, 0.0, 0.0, 0.0, 0.0, 0.0, 0.0, 0.0, 0.0, 0.0, 0.0, 0.0, 0.0, 0.0, 0.0, 0.0, 0.0, 0.0, 0.0, 0.0, 0.0, 0.0, 0.0, 0.0, 0.0, 0.0, 0.0, 0.0, 0.0, 0.0, 0.0, 0.0, 0.0, 0.0, 0.0, 0.0, 0.0, 0.0, 0.0, 0.0, 0.0, 0.0, 0.0, 0.0, 0.0, 0.0, 0.0, 0.0, 0.0, 0.0, 0.0, 0.0, 0.0, 0.0, 0.0, 0.0, 0.0, 0.0, 0.0, 0.0, 0.0, 0.0, 0.0, 0.0, 0.0, 0.0, 0.0, 0.0, 0.0, 0.0, 0.0, 0.0, 0.0, 0.0, 0.0, 0.0, 0.0, 0.0, 0.0, 0.0, 0.0, 0.0, 0.0, 0.0, 0.0, 0.0, 0.0, 0.0, 0.0, 0.0, 0.0, 0.0, 0.0, 0.0, 0.0, 0.0, 0.0, 0.0, 0.0, 0.0, 0.0, 0.0, 0.0, 0.0, 0.0, 0.0, 0.0, 0.0, 0.0, 0.0, 0.0, 0.0, 0.0, 0.0, 0.0, 0.0, 0.0, 0.0, 0.0, 0.0, 0.0, 0.0, 0.0, 0.0, 0.0, 0.0, 0.0, 0.0, 0.0, 0.0, 0.0, 0.0, 0.0, 0.0, 0.0, 0.0, 0.0, 0.0, 0.0, 0.0, 0.0, 0.0, 0.0, 0.0, 0.0, 0.0, 0.0, 0.0, 0.0, 0.0, 0.0, 0.0, 0.0, 0.0, 0.0, 0.0, 0.0, 0.0, 0.0, 0.0, 0.0, 0.0, 0.0, 0.0, 0.0, 0.0, 0.0, 0.0, 0.0, 0.0, 0.0, 0.0, 0.0, 0.0, 0.0, 0.0, 0.0, 0.0, 0.0, 0.0, 0.0, 0.0, 0.0, 0.0, 0.0, 0.0, 0.0, 0.0, 0.0, 0.0, 0.0, 0.0, 0.0, 0.0, 0.0, 0.0, 0.0, 0.0, 0.0, 0.0, 0.0, 0.0, 0.0, 0.0, 0.0, 0.0, 0.0, 0.0, 0.0, 0.0, 0.0, 0.0, 0.0, 0.0, 0.0, 0.0, 0.0, 0.0, 0.0, 0.0, 0.0, 0.0, 0.0, 0.0, 0.0, 0.0, 0.0, 0.0, 0.0, 0.0, 0.0, 0.0, 0.0, 0.0, 0.0, 0.0, 0.0, 0.0, 0.0, 0.0, 0.0, 0.0, 0.0, 0.0, 0.0, 0.0, 0.0, 0.0, 0.0, 0.0, 0.0, 0.0, 0.0, 0.0, 0.0, 0.0, 0.0, 0.0, 0.0, 0.0, 0.0, 0.0, 0.0, 0.0, 0.0, 0.0, 0.0, 0.0, 0.0, 0.0, 0.0, 0.0, 0.0, 0.0, 0.0, 0.0, 0.0, 0.0, 0.0, 0.0, 0.0, 0.0, 0.0, 0.0, 0.0, 0.0, 0.0, 0.0, 0.0, 0.0, 0.0, 0.0, 0.0, 0.0, 0.0, 0.0, 0.0, 0.0, 0.0, 0.0, 0.0, 0.0, 0.0, 0.0, 0.0, 0.0, 0.0, 0.0, 0.0, 0.0, 0.0, 0.0, 0.0, 0.0, 0.0, 0.0, 0.0, 0.0, 0.0, 0.0, 0.0, 0.0, 0.0, 0.0, 0.0, 0.0, 0.0, 0.0, 0.0, 0.0, 0.0, 0.0, 0.0, 0.0, 0.0, 0.0, 0.0, 0.0, 0.0, 0.0, 0.0, 0.0, 0.0, 0.0, 0.0, 0.0, 0.0, 0.0, 0.0, 0.0, 0.0, 0.0, 0.0, 0.0, 0.0, 0.0, 0.0, 0.0, 0.0, 0.0, 0.0, 0.0, 0.0, 0.0, 0.0, 0.0, 0.0, 0.0, 0.0, 0.0, 0.0, 0.0, 0.0, 0.0, 0.0, 0.0, 0.0, 0.0, 0.0, 0.0, 0.0, 0.0, 0.0, 0.0, 0.0, 0.0, 0.0, 0.0, 0.0, 0.0, 0.0, 0.0, 0.0, 0.0, 0.0, 0.0, 0.0, 0.0, 0.0, 0.0, 0.0, 0.0, 0.0, 0.0, 0.0, 0.0, 0.0, 0.0, 0.0, 0.0, 0.0, 0.0, 0.0, 0.0, 0.0, 0.0, 0.0, 0.0, 0.0, 0.0, 0.0, 0.0, 0.0, 0.0, 0.0, 0.0, 0.0, 0.0, 0.0, 0.0, 0.0, 0.0, 0.0, 0.0, 0.0, 0.0, 0.0, 0.0, 0.0, 0.0, 0.0, 0.0, 0.0, 0.0, 0.0, 0.0, 0.0, 0.0, 0.0, 0.0, 0.0, 0.0, 0.0, 0.0, 0.0, 0.0, 0.0, 0.0, 0.0, 0.0, 0.0, 0.0, 0.0, 0.0, 0.0, 0.0, 0.0, 0.0, 0.0, 0.0, 0.0, 0.0, 0.0, 0.0, 0.0, 0.0, 0.0, 0.0, 0.0, 0.0, 0.0, 0.0, 0.0, 0.0, 0.0, 0.0, 0.0, 0.0, 0.0, 0.0, 0.0, 0.0, 0.0, 0.0, 0.0, 0.0, 0.0, 0.0, 0.0, 0.0, 0.0, 0.0, 0.0, 0.0, 0.0, 0.0, 0.0, 0.0, 0.0, 0.0, 0.0, 0.0, 0.0, 0.0, 0.0, 0.0, 0.0, 0.0, 0.0, 0.0, 0.0, 0.0, 0.0, 0.0, 0.0, 0.0, 0.0, 0.0, 0.0, 0.0, 0.0, 0.0, 0.0, 0.0, 0.0, 0.0, 0.0, 0.0, 0.0, 0.0, 0.0, 0.0, 0.0, 0.0, 0.0, 0.0, 0.0, 0.0, 0.0, 0.0, 0.0, 0.0, 0.0, 0.0, 0.0, 0.0, 0.0, 0.0, 0.0, 0.0, 0.0, 0.0, 0.0, 0.0, 0.0, 0.0, 0.0, 0.0, 0.0, 0.0, 0.0, 0.0, 0.0, 0.0, 0.0, 0.0, 0.0, 0.0, 0.0, 0.0, 0.0, 0.0, 0.0, 0.0, 0.0, 0.0, 0.0, 0.0, 0.0, 0.0, 0.0, 0.0, 0.0, 0.0, 0.0, 0.0, 0.0, 0.0, 0.0, 0.0, 0.0, 0.0, 0.0, 0.0, 0.0, 0.0, 0.0, 0.0, 0.0, 0.0, 0.0, 0.0, 0.0, 0.0, 0.0, 0.0, 0.0, 0.0, 0.0, 0.0, 0.0, 0.0, 0.0, 0.0, 0.0, 0.0, 0.0, 0.0, 0.0, 0.0, 0.0, 0.0, 0.0, 0.0, 0.0, 0.0, 0.0, 0.0, 0.0, 0.0, 0.0, 0.0, 0.0, 0.0, 0.0, 0.0, 0.0, 0.0, 0.0, 0.0, 0.0, 0.0, 0.0, 0.0, 0.0, 0.0, 0.0, 0.0, 0.0, 0.0, 0.0, 0.0, 0.0, 0.0, 0.0, 0.0, 0.0, 0.0, 0.0, 0.0, 0.0, 0.0, 0.0, 0.0, 0.0, 0.0, 0.0, 0.0, 0.0, 0.0, 0.0, 0.0, 0.0, 0.0, 0.0, 0.0, 0.0, 0.0, 0.0, 0.0, 0.0, 0.0, 0.0, 0.0, 0.0, 0.0, 0.0, 0.0, 0.0, 0.0, 0.0, 0.0, 0.0, 0.0, 0.0, 0.0, 0.0, 0.0, 0.0, 0.0, 0.0, 0.0, 0.0, 0.0, 0.0, 0.0, 0.0, 0.0, 0.0, 0.0, 0.0, 0.0, 0.0, 0.0, 0.0, 0.0, 0.0, 0.0, 0.0, 0.0, 0.0, 0.0, 0.0, 0.0, 0.0, 0.0, 0.0, 0.0, 0.0, 0.0, 0.0, 0.0, 0.0, 0.0, 0.0, 0.0, 0.0, 0.0, 0.0, 0.0, 0.0, 0.0, 0.0, 0.0, 0.0, 0.0, 0.0, 0.0, 0.0, 0.0, 0.0, 0.0, 0.0, 0.0, 0.0, 0.0, 0.0, 0.0, 0.0, 0.0, 0.0, 0.0, 0.0, 0.0, 0.0, 0.0, 0.0, 0.0, 0.0, 0.0, 0.0, 0.0, 0.0, 0.0, 0.0, 0.0, 0.0, 0.0, 0.0, 0.0, 0.0, 0.0, 0.0, 0.0, 0.0, 0.0, 0.0, 0.0, 0.0, 0.0, 0.0, 0.0, 0.0, 0.0, 0.0, 0.0, 0.0, 0.0, 0.0, 0.0, 0.0, 0.0, 0.0, 0.0, 0.0, 0.0, 0.0, 0.0, 0.0, 0.0, 0.0, 0.0, 0.0, 0.0, 0.0, 0.0, 0.0, 0.0, 0.0, 0.0, 0.0, 0.0, 0.0, 0.0, 0.0, 0.0, 0.0, 0.0, 0.0, 0.0, 0.0, 0.0, 0.0, 0.0, 0.0, 0.0, 0.0, 0.0, 0.0, 0.0, 0.0, 0.0, 0.0, 0.0, 0.0, 0.0, 0.0, 0.0, 0.0, 0.0, 0.0, 0.0, 0.0, 0.0, 0.0, 0.0, 0.0, 0.0, 0.0, 0.0, 0.0, 0.0, 0.0, 0.0, 0.0, 0.0, 0.0, 0.0, 0.0, 0.0, 0.0, 0.0, 0.0, 0.0, 0.0, 0.0, 0.0, 0.0, 0.0, 0.0, 0.0, 0.0, 0.0, 0.0, 0.0, 0.0, 0.0, 0.0, 0.0, 0.0, 0.0, 0.0, 0.0, 0.0, 0.0, 0.0, 0.0, 0.0, 0.0, 0.0, 0.0, 0.0, 0.0, 0.0, 0.0, 0.0, 0.0, 0.0, 0.0, 0.0, 0.0, 0.0, 0.0, 0.0, 0.0, 0.0, 0.0, 0.0, 0.0, 0.0, 0.0, 0.0, 0.0, 0.0, 0.0, 0.0, 0.0, 0.0, 0.0, 0.0, 0.0, 0.0, 0.0, 0.0, 0.0, 0.0, 0.0, 0.0, 0.0, 0.0, 0.0, 0.0, 0.0, 0.0, 0.0, 0.0, 0.0, 0.0, 0.0, 0.0, 0.0, 0.0, 0.0, 0.0, 0.0, 0.0, 0.0, 0.0, 0.0, 0.0, 0.0, 0.0, 0.0, 0.0, 0.0, 0.0, 0.0, 0.0, 0.0, 0.0, 0.0, 0.0, 0.0, 0.0, 0.0, 0.0, 0.0, 0.0, 0.0, 0.0, 0.0, 0.0, 0.0, 0.0, 0.0, 0.0, 0.0, 0.0, 0.0, 0.0, 0.0, 0.0, 0.0, 0.0, 0.0, 0.0, 0.0, 0.0, 0.0, 0.0, 0.0, 0.0, 0.0, 0.0, 0.0, 0.0, 0.0, 0.0, 0.0, 0.0, 0.0, 0.0, 0.0, 0.0, 0.0, 0.0, 0.0, 0.0, 0.0, 0.0, 0.0, 0.0, 0.0, 0.0, 0.0, 0.0, 0.0, 0.0, 0.0, 0.0, 0.0, 0.0, 0.0, 0.0, 0.0, 0.0, 0.0, 0.0, 0.0, 0.0, 0.0, 0.0, 0.0, 0.0, 0.0, 0.0, 0.0, 0.0, 0.0, 0.0, 0.0, 0.0, 0.0, 0.0, 0.0, 0.0, 0.0, 0.0, 0.0, 0.0, 0.0, 0.0, 0.0, 0.0, 0.0, 0.0, 0.0, 0.0, 0.0, 0.0, 0.0, 0.0, 0.0, 0.0, 0.0, 0.0, 0.0, 0.0, 0.0, 0.0, 0.0, 0.0, 0.0, 0.0, 0.0, 0.0, 0.0, 0.0, 0.0, 0.0, 0.0, 0.0, 0.0, 0.0, 0.0, 0.0, 0.0, 0.0, 0.0, 0.0, 0.0, 0.0, 0.0, 0.0, 0.0, 0.0, 0.0, 0.0, 0.0, 0.0, 0.0, 0.0, 0.0, 0.0, 0.0, 0.0, 0.0, 0.0, 0.0, 0.0, 0.0, 0.0, 0.0, 0.0, 0.0, 0.0, 0.0, 0.0, 0.0, 0.0, 0.0, 0.0, 0.0, 0.0, 0.0, 0.0, 0.0, 0.0, 0.0, 0.0, 0.0, 0.0, 0.0, 0.0, 0.0, 0.0, 0.0, 0.0, 0.0, 0.0, 0.0, 0.0, 0.0, 0.0, 0.0, 0.0, 0.0, 0.0, 0.0, 0.0, 0.0, 0.0, 0.0, 0.0, 0.0, 0.0, 0.0, 0.0, 0.0, 0.0, 0.0, 0.0, 0.0, 0.0, 0.0, 0.0, 0.0, 0.0, 0.0, 0.0, 0.0, 0.0, 0.0, 0.0, 0.0, 0.0, 0.0, 0.0, 0.0, 0.0, 0.0, 0.0, 0.0, 0.0, 0.0, 0.0, 0.0, 0.0, 0.0, 0.0, 0.0, 0.0, 0.0, 0.0, 0.0, 0.0, 0.0, 0.0, 0.0, 0.0, 0.0, 0.0, 0.0, 0.0, 0.0, 0.0, 0.0, 0.0, 0.0, 0.0, 0.0, 0.0, 0.0, 0.0, 0.0, 0.0, 0.0, 0.0, 0.0, 0.0, 0.0, 0.0, 0.0, 0.0, 0.0, 0.0, 0.0, 0.0, 0.0, 0.0, 0.0, 0.0, 0.0, 0.0, 0.0, 0.0, 0.0, 0.0, 0.0, 0.0, 0.0, 0.0, 0.0, 0.0, 0.0, 0.0, 0.0, 0.0, 0.0, 0.0, 0.0, 0.0, 0.0, 0.0, 0.0, 0.0, 0.0, 0.0, 0.0, 0.0, 0.0, 0.0, 0.0, 0.0, 0.0, 0.0, 0.0, 0.0, 0.0, 0.0, 0.0, 0.0, 0.0, 0.0, 0.0, 0.0, 0.0, 0.0, 0.0, 0.0, 0.0, 0.0, 0.0, 0.0, 0.0, 0.0, 0.0, 0.0, 0.0, 0.0, 0.0, 0.0, 0.0, 0.0, 0.0, 0.0, 0.0, 0.0, 0.0, 0.0, 0.0, 0.0, 0.0, 0.0, 0.0, 0.0, 0.0, 0.0, 0.0, 0.0, 0.0, 0.0, 0.0, 0.0, 0.0, 0.0, 0.0, 0.0, 0.0, 0.0, 0.0, 0.0, 0.0, 0.0, 0.0, 0.0, 0.0, 0.0, 0.0, 0.0, 0.0, 0.0, 0.0, 0.0, 0.0, 0.0, 0.0, 0.0, 0.0, 0.0, 0.0, 0.0, 0.0, 0.0, 0.0, 0.0, 0.0, 0.0, 0.0, 0.0, 0.0, 0.0, 0.0, 0.0, 0.0, 0.0, 0.0, 0.0, 0.0, 0.0, 0.0, 0.0, 0.0, 0.0, 0.0, 0.0, 0.0, 0.0, 0.0, 0.0, 0.0, 0.0, 0.0, 0.0, 0.0, 0.0, 0.0, 0.0, 0.0, 0.0, 0.0, 0.0, 0.0, 0.0, 0.0, 0.0, 0.0, 0.0, 0.0, 0.0, 0.0, 0.0, 0.0, 0.0, 0.0, 0.0, 0.0, 0.0, 0.0, 0.0, 0.0, 0.0, 0.0, 0.0, 0.0, 0.0, 0.0, 0.0, 0.0, 0.0, 0.0, 0.0, 0.0, 0.0, 0.0, 0.0, 0.0, 0.0, 0.0, 0.0, 0.0, 0.0, 0.0, 0.0, 0.0, 0.0, 0.0, 0.0, 0.0, 0.0, 0.0, 0.0, 0.0, 0.0, 0.0, 0.0, 0.0, 0.0, 0.0, 0.0, 0.0, 0.0, 0.0, 0.0, 0.0, 0.0, 0.0, 0.0, 0.0, 0.0, 0.0, 0.0, 0.0, 0.0, 0.0, 0.0, 0.0, 0.0, 0.0, 0.0, 0.0, 0.0, 0.0, 0.0, 0.0, 0.0, 0.0, 0.0, 0.0, 0.0, 0.0, 0.0, 0.0, 0.0, 0.0, 0.0, 0.0, 0.0, 0.0, 0.0, 0.0, 0.0, 0.0, 0.0, 0.0, 0.0, 0.0, 0.0, 0.0, 0.0, 0.0, 0.0, 0.0, 0.0, 0.0, 0.0, 0.0, 0.0, 0.0, 0.0, 0.0, 0.0, 0.0, 0.0, 0.0, 0.0, 0.0, 0.0, 0.0, 0.0, 0.0, 0.0, 0.0, 0.0, 0.0, 0.0, 0.0, 0.0, 0.0, 0.0, 0.0, 0.0, 0.0, 0.0, 0.0, 0.0, 0.0, 0.0, 0.0, 0.0, 0.0, 0.0, 0.0, 0.0, 0.0, 0.0, 0.0, 0.0, 0.0, 0.0, 0.0, 0.0, 0.0, 0.0, 0.0, 0.0, 0.0, 0.0, 0.0, 0.0, 0.0, 0.0, 0.0, 0.0, 0.0, 0.0, 0.0, 0.0, 0.0, 0.0, 0.0, 0.0, 0.0, 0.0, 0.0, 0.0, 0.0, 0.0, 0.0, 0.0, 0.0, 0.0, 0.0, 0.0, 0.0, 0.0, 0.0, 0.0, 0.0, 0.0, 0.0, 0.0, 0.0, 0.0, 0.0, 0.0, 0.0, 0.0, 0.0, 0.0, 0.0, 0.0, 0.0, 0.0, 0.0, 0.0, 0.0, 0.0, 0.0, 0.0, 0.0, 0.0, 0.0, 0.0, 0.0, 0.0, 0.0, 0.0, 0.0, 0.0, 0.0, 0.0, 0.0, 0.0, 0.0, 0.0, 0.0, 0.0, 0.0, 0.0, 0.0, 0.0, 0.0, 0.0, 0.0, 0.0, 0.0, 0.0, 0.0, 0.0, 0.0, 0.0, 0.0, 0.0, 0.0, 0.0, 0.0, 0.0, 0.0, 0.0, 0.0, 0.0, 0.0, 0.0, 0.0, 0.0, 0.0, 0.0, 0.0, 0.0, 0.0, 0.0, 0.0, 0.0, 0.0, 0.0, 0.0, 0.0, 0.0, 0.0, 0.0, 0.0, 0.0, 0.0, 0.0, 0.0, 0.0, 0.0, 0.0, 0.0, 0.0, 0.0, 0.0, 0.0, 0.0, 0.0, 0.0, 0.0, 0.0, 0.0, 0.0, 0.0, 0.0, 0.0, 0.0, 0.0, 0.0, 0.0, 0.0, 0.0, 0.0, 0.0, 0.0, 0.0, 0.0, 0.0, 0.0, 0.0, 0.0, 0.0, 0.0, 0.0, 0.0, 0.0, 0.0, 0.0, 0.0, 0.0, 0.0, 0.0, 0.0, 0.0, 0.0, 0.0, 0.0, 0.0, 0.0, 0.0, 0.0, 0.0, 0.0, 0.0, 0.0, 0.0, 0.0, 0.0, 0.0, 0.0, 0.0, 0.0, 0.0, 0.0, 0.0, 0.0, 0.0, 0.0, 0.0, 0.0, 0.0, 0.0, 0.0, 0.0, 0.0, 0.0, 0.0, 0.0, 0.0, 0.0, 0.0, 0.0, 0.0, 0.0, 0.0, 0.0, 0.0, 0.0, 0.0, 0.0, 0.0, 0.0, 0.0, 0.0, 0.0, 0.0, 0.0, 0.0, 0.0, 0.0, 0.0, 0.0, 0.0, 0.0, 0.0, 0.0, 0.0, 0.0, 0.0, 0.0, 0.0, 0.0, 0.0, 0.0, 0.0, 0.0, 0.0, 0.0, 0.0, 0.0, 0.0, 0.0, 0.0, 0.0, 0.0, 0.0, 0.0, 0.0, 0.0, 0.0, 0.0, 0.0, 0.0, 0.0, 0.0, 0.0, 0.0, 0.0, 0.0, 0.0, 0.0, 0.0, 0.0, 0.0, 0.0, 0.0, 0.0, 0.0, 0.0, 0.0, 0.0, 0.0, 0.0, 0.0, 0.0, 0.0, 0.0, 0.0, 0.0, 0.0, 0.0], second_moment: [0.0009999871, 0.0009999871, 0.0, 0.0, 0.0, 0.0, 0.0, 0.0, 0.0, 0.0, 0.0, 0.0, 0.0, 0.0, 0.0, 0.0, 0.0, 0.0, 0.0, 0.0, 0.0, 0.0, 0.0, 0.0, 0.0, 0.0, 0.0, 0.0, 0.0, 0.0, 0.0, 0.0, 0.0, 0.0, 0.0, 0.0, 0.0, 0.0, 0.0, 0.0, 0.0, 0.0, 0.0, 0.0, 0.0, 0.0, 0.0, 0.0, 0.0, 0.0, 0.0, 0.0, 0.0, 0.0, 0.0, 0.0, 0.0, 0.0, 0.0, 0.0, 0.0, 0.0, 0.0, 0.0, 0.0, 0.0, 0.0, 0.0, 0.0, 0.0, 0.0, 0.0, 0.0, 0.0, 0.0, 0.0, 0.0, 0.0, 0.0, 0.0, 0.0, 0.0, 0.0, 0.0, 0.0, 0.0, 0.0, 0.0, 0.0, 0.0, 0.0, 0.0, 0.0, 0.0, 0.0, 0.0, 0.0, 0.0, 0.0, 0.0, 0.0, 0.0, 0.0, 0.0, 0.0, 0.0, 0.0, 0.0, 0.0, 0.0, 0.0, 0.0, 0.0, 0.0, 0.0, 0.0, 0.0, 0.0, 0.0, 0.0, 0.0, 0.0, 0.0, 0.0, 0.0, 0.0, 0.0, 0.0, 0.0, 0.0, 0.0, 0.0, 0.0, 0.0, 0.0, 0.0, 0.0, 0.0, 0.0, 0.0, 0.0, 0.0, 0.0, 0.0, 0.0, 0.0, 0.0, 0.0, 0.0, 0.0, 0.0, 0.0, 0.0, 0.0, 0.0, 0.0, 0.0, 0.0, 0.0, 0.0, 0.0, 0.0, 0.0, 0.0, 0.0, 0.0, 0.0, 0.0, 0.0, 0.0, 0.0, 0.0, 0.0, 0.0, 0.0, 0.0, 0.0, 0.0, 0.0, 0.0, 0.0, 0.0, 0.0, 0.0, 0.0, 0.0, 0.0, 0.0, 0.0, 0.0, 0.0, 0.0, 0.0, 0.0, 0.0, 0.0, 0.0, 0.0, 0.0, 0.0, 0.0, 0.0, 0.0, 0.0, 0.0, 0.0, 0.0, 0.0, 0.0, 0.0, 0.0, 0.0, 0.0, 0.0, 0.0, 0.0, 0.0, 0.0, 0.0, 0.0, 0.0, 0.0, 0.0, 0.0, 0.0, 0.0, 0.0, 0.0, 0.0, 0.0, 0.0, 0.0, 0.0, 0.0, 0.0, 0.0, 0.0, 0.0, 0.0, 0.0, 0.0, 0.0, 0.0, 0.0, 0.0, 0.0, 0.0, 0.0, 0.0, 0.0, 0.0, 0.0, 0.0, 0.0, 0.0, 0.0, 0.0, 0.0, 0.0, 0.0, 0.0, 0.0, 0.0, 0.0, 0.0, 0.0, 0.0, 0.0, 0.0, 0.0, 0.0, 0.0, 0.0, 0.0, 0.0, 0.0, 0.0, 0.0, 0.0, 0.0, 0.0, 0.0, 0.0, 0.0, 0.0, 0.0, 0.0, 0.0, 0.0, 0.0, 0.0, 0.0, 0.0, 0.0, 0.0, 0.0, 0.0, 0.0, 0.0, 0.0, 0.0, 0.0, 0.0, 0.0, 0.0, 0.0, 0.0, 0.0, 0.0, 0.0, 0.0, 0.0, 0.0, 0.0, 0.0, 0.0, 0.0, 0.0, 0.0, 0.0, 0.0, 0.0, 0.0, 0.0, 0.0, 0.0, 0.0, 0.0, 0.0, 0.0, 0.0, 0.0, 0.0, 0.0, 0.0, 0.0, 0.0, 0.0, 0.0, 0.0, 0.0, 0.0, 0.0, 0.0, 0.0, 0.0, 0.0, 0.0, 0.0, 0.0, 0.0, 0.0, 0.0, 0.0, 0.0, 0.0, 0.0, 0.0, 0.0, 0.0, 0.0, 0.0, 0.0, 0.0, 0.0, 0.0, 0.0, 0.0, 0.0, 0.0, 0.0, 0.0, 0.0, 0.0, 0.0, 0.0, 0.0, 0.0, 0.0, 0.0, 0.0, 0.0, 0.0, 0.0, 0.0, 0.0, 0.0, 0.0, 0.0, 0.0, 0.0, 0.0, 0.0, 0.0, 0.0, 0.0, 0.0, 0.0, 0.0, 0.0, 0.0, 0.0, 0.0, 0.0, 0.0, 0.0, 0.0, 0.0, 0.0, 0.0, 0.0, 0.0, 0.0, 0.0, 0.0, 0.0, 0.0, 0.0, 0.0, 0.0, 0.0, 0.0, 0.0, 0.0, 0.0, 0.0, 0.0, 0.0, 0.0, 0.0, 0.0, 0.0, 0.0, 0.0, 0.0, 0.0, 0.0, 0.0, 0.0, 0.0, 0.0, 0.0, 0.0, 0.0, 0.0, 0.0, 0.0, 0.0, 0.0, 0.0, 0.0, 0.0, 0.0, 0.0, 0.0, 0.0, 0.0, 0.0, 0.0, 0.0, 0.0, 0.0, 0.0, 0.0, 0.0, 0.0, 0.0, 0.0, 0.0, 0.0, 0.0, 0.0, 0.0, 0.0, 0.0, 0.0, 0.0, 0.0, 0.0, 0.0, 0.0, 0.0, 0.0, 0.0, 0.0, 0.0, 0.0, 0.0, 0.0, 0.0, 0.0, 0.0, 0.0, 0.0, 0.0, 0.0, 0.0, 0.0, 0.0, 0.0, 0.0, 0.0, 0.0, 0.0, 0.0, 0.0, 0.0, 0.0, 0.0, 0.0, 0.0, 0.0, 0.0, 0.0, 0.0, 0.0, 0.0, 0.0, 0.0, 0.0, 0.0, 0.0, 0.0, 0.0, 0.0, 0.0, 0.0, 0.0, 0.0, 0.0, 0.0, 0.0, 0.0, 0.0, 0.0, 0.0, 0.0, 0.0, 0.0, 0.0, 0.0, 0.0, 0.0, 0.0, 0.0, 0.0, 0.0, 0.0, 0.0, 0.0, 0.0, 0.0, 0.0, 0.0, 0.0, 0.0, 0.0, 0.0, 0.0, 0.0, 0.0, 0.0, 0.0, 0.0, 0.0, 0.0, 0.0, 0.0, 0.0, 0.0, 0.0, 0.0, 0.0, 0.0, 0.0, 0.0, 0.0, 0.0, 0.0, 0.0, 0.0, 0.0, 0.0, 0.0, 0.0, 0.0, 0.0, 0.0, 0.0, 0.0, 0.0, 0.0, 0.0, 0.0, 0.0, 0.0, 0.0, 0.0, 0.0, 0.0, 0.0, 0.0, 0.0, 0.0, 0.0, 0.0, 0.0, 0.0, 0.0, 0.0, 0.0, 0.0, 0.0, 0.0, 0.0, 0.0, 0.0, 0.0, 0.0, 0.0, 0.0, 0.0, 0.0, 0.0, 0.0, 0.0, 0.0, 0.0, 0.0, 0.0, 0.0, 0.0, 0.0, 0.0, 0.0, 0.0, 0.0, 0.0, 0.0, 0.0, 0.0, 0.0, 0.0, 0.0, 0.0, 0.0, 0.0, 0.0, 0.0, 0.0, 0.0, 0.0, 0.0, 0.0, 0.0, 0.0, 0.0, 0.0, 0.0, 0.0, 0.0, 0.0, 0.0, 0.0, 0.0, 0.0, 0.0, 0.0, 0.0, 0.0, 0.0, 0.0, 0.0, 0.0, 0.0, 0.0, 0.0, 0.0, 0.0, 0.0, 0.0, 0.0, 0.0, 0.0, 0.0, 0.0, 0.0, 0.0, 0.0, 0.0, 0.0, 0.0, 0.0, 0.0, 0.0, 0.0, 0.0, 0.0, 0.0, 0.0, 0.0, 0.0, 0.0, 0.0, 0.0, 0.0, 0.0, 0.0, 0.0, 0.0, 0.0, 0.0, 0.0, 0.0, 0.0, 0.0, 0.0, 0.0, 0.0, 0.0, 0.0, 0.0, 0.0, 0.0, 0.0, 0.0, 0.0, 0.0, 0.0, 0.0, 0.0, 0.0, 0.0, 0.0, 0.0, 0.0, 0.0, 0.0, 0.0, 0.0, 0.0, 0.0, 0.0, 0.0, 0.0, 0.0, 0.0, 0.0, 0.0, 0.0, 0.0, 0.0, 0.0, 0.0, 0.0, 0.0, 0.0, 0.0, 0.0, 0.0, 0.0, 0.0, 0.0, 0.0, 0.0, 0.0, 0.0, 0.0, 0.0, 0.0, 0.0, 0.0, 0.0, 0.0, 0.0, 0.0, 0.0, 0.0, 0.0, 0.0, 0.0, 0.0, 0.0, 0.0, 0.0, 0.0, 0.0, 0.0, 0.0, 0.0, 0.0, 0.0, 0.0, 0.0, 0.0, 0.0, 0.0, 0.0, 0.0, 0.0, 0.0, 0.0, 0.0, 0.0, 0.0, 0.0, 0.0, 0.0, 0.0, 0.0, 0.0, 0.0, 0.0, 0.0, 0.0, 0.0, 0.0, 0.0, 0.0, 0.0, 0.0, 0.0, 0.0, 0.0, 0.0, 0.0, 0.0, 0.0, 0.0, 0.0, 0.0, 0.0, 0.0, 0.0, 0.0, 0.0, 0.0, 0.0, 0.0, 0.0, 0.0, 0.0, 0.0, 0.0, 0.0, 0.0, 0.0, 0.0, 0.0, 0.0, 0.0, 0.0, 0.0, 0.0, 0.0, 0.0, 0.0, 0.0, 0.0, 0.0, 0.0, 0.0, 0.0, 0.0, 0.0, 0.0, 0.0, 0.0, 0.0, 0.0, 0.0, 0.0, 0.0, 0.0, 0.0, 0.0, 0.0, 0.0, 0.0, 0.0, 0.0, 0.0, 0.0, 0.0, 0.0, 0.0, 0.0, 0.0, 0.0, 0.0, 0.0, 0.0, 0.0, 0.0, 0.0, 0.0, 0.0, 0.0, 0.0, 0.0, 0.0, 0.0, 0.0, 0.0, 0.0, 0.0, 0.0, 0.0, 0.0, 0.0, 0.0, 0.0, 0.0, 0.0, 0.0, 0.0, 0.0, 0.0, 0.0, 0.0, 0.0, 0.0, 0.0, 0.0, 0.0, 0.0, 0.0, 0.0, 0.0, 0.0, 0.0, 0.0, 0.0, 0.0, 0.0, 0.0, 0.0, 0.0, 0.0, 0.0, 0.0, 0.0, 0.0, 0.0, 0.0, 0.0, 0.0, 0.0, 0.0, 0.0, 0.0, 0.0, 0.0, 0.0, 0.0, 0.0, 0.0, 0.0, 0.0, 0.0, 0.0, 0.0, 0.0, 0.0, 0.0, 0.0, 0.0, 0.0, 0.0, 0.0, 0.0, 0.0, 0.0, 0.0, 0.0, 0.0, 0.0, 0.0, 0.0, 0.0, 0.0, 0.0, 0.0, 0.0, 0.0, 0.0, 0.0, 0.0, 0.0, 0.0, 0.0, 0.0, 0.0, 0.0, 0.0, 0.0, 0.0, 0.0, 0.0, 0.0, 0.0, 0.0, 0.0, 0.0, 0.0, 0.0, 0.0, 0.0, 0.0, 0.0, 0.0, 0.0, 0.0, 0.0, 0.0, 0.0, 0.0, 0.0, 0.0, 0.0, 0.0, 0.0, 0.0, 0.0, 0.0, 0.0, 0.0, 0.0, 0.0, 0.0, 0.0, 0.0, 0.0, 0.0, 0.0, 0.0, 0.0, 0.0, 0.0, 0.0, 0.0, 0.0, 0.0, 0.0, 0.0, 0.0, 0.0, 0.0, 0.0, 0.0, 0.0, 0.0, 0.0, 0.0, 0.0, 0.0, 0.0, 0.0, 0.0, 0.0, 0.0, 0.0, 0.0, 0.0, 0.0, 0.0, 0.0, 0.0, 0.0, 0.0, 0.0, 0.0, 0.0, 0.0, 0.0, 0.0, 0.0, 0.0, 0.0, 0.0, 0.0, 0.0, 0.0, 0.0, 0.0, 0.0, 0.0, 0.0, 0.0, 0.0, 0.0, 0.0, 0.0, 0.0, 0.0, 0.0, 0.0, 0.0, 0.0, 0.0, 0.0, 0.0, 0.0, 0.0, 0.0, 0.0, 0.0, 0.0, 0.0, 0.0, 0.0, 0.0, 0.0, 0.0, 0.0, 0.0, 0.0, 0.0, 0.0, 0.0, 0.0, 0.0, 0.0, 0.0, 0.0, 0.0, 0.0, 0.0, 0.0, 0.0, 0.0, 0.0, 0.0, 0.0, 0.0, 0.0, 0.0, 0.0, 0.0, 0.0, 0.0, 0.0, 0.0, 0.0, 0.0, 0.0, 0.0, 0.0, 0.0, 0.0, 0.0, 0.0, 0.0, 0.0, 0.0, 0.0, 0.0, 0.0, 0.0, 0.0, 0.0, 0.0, 0.0, 0.0, 0.0, 0.0, 0.0, 0.0, 0.0, 0.0, 0.0, 0.0, 0.0, 0.0, 0.0, 0.0, 0.0, 0.0, 0.0, 0.0, 0.0, 0.0, 0.0, 0.0, 0.0, 0.0, 0.0, 0.0, 0.0, 0.0, 0.0, 0.0, 0.0, 0.0, 0.0, 0.0, 0.0, 0.0, 0.0, 0.0, 0.0, 0.0, 0.0, 0.0, 0.0, 0.0, 0.0, 0.0, 0.0, 0.0, 0.0, 0.0, 0.0, 0.0, 0.0, 0.0, 0.0, 0.0, 0.0, 0.0, 0.0, 0.0, 0.0, 0.0, 0.0, 0.0, 0.0, 0.0, 0.0, 0.0, 0.0, 0.0, 0.0, 0.0, 0.0, 0.0, 0.0, 0.0, 0.0, 0.0, 0.0, 0.0, 0.0, 0.0, 0.0, 0.0, 0.0, 0.0, 0.0, 0.0, 0.0, 0.0, 0.0, 0.0, 0.0, 0.0, 0.0, 0.0, 0.0, 0.0, 0.0, 0.0, 0.0, 0.0, 0.0, 0.0, 0.0, 0.0, 0.0, 0.0, 0.0, 0.0, 0.0, 0.0, 0.0, 0.0, 0.0, 0.0, 0.0, 0.0, 0.0, 0.0, 0.0, 0.0, 0.0, 0.0, 0.0, 0.0, 0.0, 0.0, 0.0, 0.0, 0.0, 0.0, 0.0, 0.0, 0.0, 0.0, 0.0, 0.0, 0.0, 0.0, 0.0, 0.0, 0.0, 0.0, 0.0, 0.0, 0.0, 0.0, 0.0, 0.0, 0.0, 0.0, 0.0, 0.0, 0.0, 0.0, 0.0, 0.0, 0.0, 0.0, 0.0, 0.0, 0.0, 0.0, 0.0, 0.0, 0.0, 0.0, 0.0, 0.0, 0.0, 0.0, 0.0, 0.0, 0.0, 0.0, 0.0, 0.0, 0.0, 0.0, 0.0, 0.0, 0.0, 0.0, 0.0, 0.0, 0.0, 0.0, 0.0, 0.0, 0.0, 0.0, 0.0, 0.0, 0.0, 0.0, 0.0, 0.0, 0.0, 0.0, 0.0, 0.0, 0.0, 0.0, 0.0, 0.0, 0.0, 0.0, 0.0, 0.0, 0.0, 0.0, 0.0, 0.0, 0.0, 0.0, 0.0, 0.0, 0.0, 0.0, 0.0, 0.0, 0.0, 0.0, 0.0, 0.0, 0.0, 0.0, 0.0, 0.0, 0.0, 0.0, 0.0, 0.0, 0.0, 0.0, 0.0, 0.0, 0.0, 0.0, 0.0, 0.0, 0.0, 0.0, 0.0, 0.0, 0.0, 0.0, 0.0, 0.0, 0.0, 0.0, 0.0, 0.0, 0.0, 0.0, 0.0, 0.0, 0.0, 0.0, 0.0, 0.0, 0.0, 0.0, 0.0, 0.0, 0.0, 0.0, 0.0, 0.0, 0.0, 0.0, 0.0, 0.0, 0.0, 0.0, 0.0, 0.0, 0.0, 0.0, 0.0, 0.0, 0.0, 0.0, 0.0, 0.0, 0.0, 0.0, 0.0, 0.0, 0.0, 0.0, 0.0, 0.0, 0.0, 0.0, 0.0, 0.0, 0.0, 0.0, 0.0, 0.0, 0.0, 0.0, 0.0, 0.0, 0.0, 0.0, 0.0, 0.0, 0.0, 0.0, 0.0, 0.0, 0.0, 0.0, 0.0, 0.0, 0.0, 0.0, 0.0, 0.0, 0.0, 0.0, 0.0, 0.0, 0.0, 0.0, 0.0, 0.0, 0.0, 0.0, 0.0, 0.0, 0.0, 0.0, 0.0, 0.0, 0.0, 0.0, 0.0, 0.0, 0.0, 0.0, 0.0, 0.0, 0.0, 0.0, 0.0, 0.0, 0.0, 0.0, 0.0, 0.0, 0.0, 0.0, 0.0, 0.0, 0.0, 0.0, 0.0, 0.0, 0.0, 0.0, 0.0, 0.0, 0.0, 0.0, 0.0, 0.0, 0.0, 0.0, 0.0, 0.0, 0.0, 0.0, 0.0, 0.0, 0.0, 0.0, 0.0, 0.0, 0.0, 0.0, 0.0, 0.0, 0.0, 0.0, 0.0, 0.0, 0.0, 0.0, 0.0, 0.0, 0.0, 0.0, 0.0, 0.0, 0.0, 0.0, 0.0, 0.0, 0.0, 0.0, 0.0, 0.0, 0.0, 0.0, 0.0, 0.0, 0.0, 0.0, 0.0, 0.0, 0.0, 0.0, 0.0, 0.0, 0.0, 0.0, 0.0, 0.0, 0.0, 0.0, 0.0, 0.0, 0.0, 0.0, 0.0, 0.0, 0.0, 0.0, 0.0, 0.0, 0.0, 0.0, 0.0, 0.0, 0.0, 0.0, 0.0, 0.0, 0.0, 0.0, 0.0, 0.0, 0.0, 0.0, 0.0, 0.0, 0.0, 0.0, 0.0, 0.0, 0.0, 0.0, 0.0, 0.0, 0.0, 0.0, 0.0, 0.0, 0.0, 0.0, 0.0, 0.0, 0.0, 0.0, 0.0, 0.0, 0.0, 0.0, 0.0, 0.0, 0.0, 0.0, 0.0, 0.0, 0.0, 0.0, 0.0, 0.0, 0.0, 0.0, 0.0, 0.0, 0.0, 0.0, 0.0, 0.0, 0.0, 0.0, 0.0, 0.0, 0.0, 0.0, 0.0, 0.0, 0.0, 0.0, 0.0, 0.0, 0.0, 0.0, 0.0, 0.0, 0.0, 0.0, 0.0, 0.0, 0.0, 0.0, 0.0, 0.0, 0.0, 0.0, 0.0, 0.0, 0.0, 0.0, 0.0, 0.0, 0.0, 0.0, 0.0, 0.0, 0.0, 0.0, 0.0, 0.0, 0.0, 0.0, 0.0, 0.0, 0.0, 0.0, 0.0, 0.0, 0.0, 0.0, 0.0, 0.0, 0.0, 0.0, 0.0, 0.0, 0.0, 0.0, 0.0, 0.0, 0.0, 0.0, 0.0, 0.0, 0.0, 0.0, 0.0, 0.0, 0.0, 0.0, 0.0, 0.0, 0.0, 0.0, 0.0, 0.0, 0.0, 0.0, 0.0, 0.0, 0.0, 0.0, 0.0, 0.0, 0.0, 0.0, 0.0, 0.0, 0.0, 0.0, 0.0, 0.0, 0.0, 0.0, 0.0, 0.0, 0.0, 0.0, 0.0, 0.0, 0.0, 0.0, 0.0, 0.0, 0.0, 0.0, 0.0, 0.0, 0.0, 0.0, 0.0, 0.0, 0.0, 0.0, 0.0, 0.0, 0.0, 0.0, 0.0, 0.0, 0.0, 0.0, 0.0, 0.0, 0.0, 0.0, 0.0, 0.0, 0.0, 0.0, 0.0, 0.0, 0.0, 0.0, 0.0, 0.0, 0.0, 0.0, 0.0, 0.0, 0.0, 0.0, 0.0, 0.0, 0.0, 0.0, 0.0, 0.0, 0.0, 0.0, 0.0, 0.0, 0.0, 0.0, 0.0, 0.0, 0.0, 0.0, 0.0, 0.0, 0.0, 0.0, 0.0, 0.0, 0.0, 0.0, 0.0, 0.0, 0.0, 0.0, 0.0, 0.0, 0.0, 0.0, 0.0, 0.0, 0.0, 0.0, 0.0, 0.0, 0.0, 0.0, 0.0, 0.0, 0.0, 0.0, 0.0, 0.0, 0.0, 0.0, 0.0, 0.0, 0.0, 0.0, 0.0, 0.0, 0.0, 0.0, 0.0, 0.0, 0.0, 0.0, 0.0, 0.0, 0.0, 0.0, 0.0, 0.0, 0.0, 0.0, 0.0, 0.0, 0.0, 0.0, 0.0, 0.0, 0.0, 0.0, 0.0, 0.0, 0.0, 0.0, 0.0, 0.0, 0.0, 0.0, 0.0, 0.0, 0.0, 0.0, 0.0, 0.0, 0.0, 0.0, 0.0, 0.0, 0.0, 0.0, 0.0, 0.0, 0.0, 0.0, 0.0, 0.0, 0.0, 0.0, 0.0, 0.0, 0.0, 0.0, 0.0, 0.0, 0.0, 0.0, 0.0, 0.0, 0.0, 0.0, 0.0, 0.0, 0.0, 0.0, 0.0, 0.0, 0.0, 0.0, 0.0, 0.0, 0.0, 0.0, 0.0, 0.0, 0.0, 0.0, 0.0, 0.0, 0.0, 0.0, 0.0, 0.0, 0.0, 0.0, 0.0, 0.0, 0.0, 0.0, 0.0, 0.0, 0.0, 0.0, 0.0, 0.0, 0.0, 0.0, 0.0, 0.0, 0.0, 0.0, 0.0, 0.0, 0.0, 0.0, 0.0, 0.0, 0.0, 0.0, 0.0, 0.0, 0.0, 0.0, 0.0, 0.0, 0.0, 0.0, 0.0, 0.0, 0.0, 0.0, 0.0, 0.0, 0.0, 0.0, 0.0, 0.0, 0.0, 0.0, 0.0, 0.0, 0.0, 0.0, 0.0, 0.0, 0.0, 0.0, 0.0, 0.0, 0.0, 0.0, 0.0, 0.0, 0.0, 0.0, 0.0, 0.0, 0.0, 0.0, 0.0, 0.0, 0.0, 0.0, 0.0, 0.0, 0.0, 0.0, 0.0, 0.0, 0.0, 0.0, 0.0, 0.0, 0.0, 0.0, 0.0, 0.0, 0.0, 0.0, 0.0, 0.0, 0.0, 0.0, 0.0, 0.0, 0.0, 0.0, 0.0, 0.0, 0.0, 0.0, 0.0, 0.0, 0.0, 0.0, 0.0, 0.0, 0.0, 0.0, 0.0, 0.0, 0.0, 0.0, 0.0, 0.0, 0.0, 0.0, 0.0, 0.0, 0.0, 0.0, 0.0, 0.0, 0.0, 0.0, 0.0, 0.0, 0.0, 0.0, 0.0, 0.0, 0.0, 0.0, 0.0, 0.0, 0.0, 0.0, 0.0, 0.0, 0.0, 0.0, 0.0, 0.0, 0.0, 0.0, 0.0, 0.0, 0.0, 0.0, 0.0, 0.0, 0.0, 0.0, 0.0, 0.0, 0.0, 0.0, 0.0, 0.0, 0.0, 0.0, 0.0, 0.0, 0.0, 0.0, 0.0, 0.0, 0.0, 0.0, 0.0, 0.0, 0.0, 0.0, 0.0, 0.0, 0.0, 0.0, 0.0, 0.0, 0.0, 0.0, 0.0, 0.0, 0.0, 0.0, 0.0, 0.0, 0.0, 0.0, 0.0, 0.0, 0.0, 0.0, 0.0, 0.0, 0.0, 0.0, 0.0, 0.0, 0.0, 0.0, 0.0, 0.0, 0.0, 0.0, 0.0, 0.0, 0.0, 0.0, 0.0, 0.0, 0.0, 0.0, 0.0, 0.0, 0.0, 0.0, 0.0, 0.0, 0.0, 0.0, 0.0, 0.0, 0.0, 0.0, 0.0, 0.0, 0.0, 0.0, 0.0, 0.0, 0.0, 0.0, 0.0, 0.0, 0.0, 0.0, 0.0, 0.0, 0.0, 0.0, 0.0, 0.0, 0.0, 0.0, 0.0, 0.0, 0.0, 0.0, 0.0, 0.0, 0.0, 0.0, 0.0, 0.0, 0.0, 0.0, 0.0, 0.0, 0.0, 0.0, 0.0, 0.0, 0.0, 0.0, 0.0, 0.0, 0.0, 0.0, 0.0, 0.0, 0.0, 0.0, 0.0, 0.0, 0.0, 0.0, 0.0, 0.0, 0.0, 0.0, 0.0, 0.0, 0.0, 0.0, 0.0, 0.0, 0.0, 0.0, 0.0, 0.0, 0.0, 0.0, 0.0, 0.0, 0.0, 0.0, 0.0, 0.0, 0.0, 0.0, 0.0, 0.0, 0.0, 0.0, 0.0, 0.0, 0.0, 0.0, 0.0, 0.0, 0.0, 0.0, 0.0, 0.0, 0.0, 0.0, 0.0, 0.0, 0.0, 0.0, 0.0, 0.0, 0.0, 0.0, 0.0, 0.0, 0.0, 0.0, 0.0, 0.0, 0.0, 0.0, 0.0, 0.0, 0.0, 0.0, 0.0, 0.0, 0.0, 0.0, 0.0, 0.0, 0.0, 0.0, 0.0, 0.0, 0.0, 0.0, 0.0, 0.0, 0.0, 0.0, 0.0, 0.0, 0.0, 0.0, 0.0, 0.0, 0.0, 0.0, 0.0, 0.0, 0.0, 0.0, 0.0, 0.0, 0.0, 0.0, 0.0, 0.0, 0.0, 0.0, 0.0, 0.0, 0.0, 0.0, 0.0, 0.0, 0.0, 0.0, 0.0, 0.0, 0.0, 0.0, 0.0, 0.0, 0.0, 0.0, 0.0, 0.0, 0.0, 0.0, 0.0, 0.0, 0.0, 0.0, 0.0, 0.0, 0.0, 0.0, 0.0, 0.0, 0.0, 0.0, 0.0, 0.0, 0.0, 0.0, 0.0, 0.0, 0.0, 0.0, 0.0, 0.0, 0.0, 0.0, 0.0, 0.0, 0.0, 0.0, 0.0, 0.0, 0.0, 0.0, 0.0, 0.0, 0.0, 0.0, 0.0, 0.0, 0.0, 0.0, 0.0, 0.0, 0.0, 0.0, 0.0, 0.0, 0.0, 0.0, 0.0, 0.0, 0.0, 0.0, 0.0, 0.0, 0.0, 0.0, 0.0, 0.0, 0.0, 0.0, 0.0, 0.0, 0.0, 0.0, 0.0, 0.0, 0.0, 0.0, 0.0, 0.0, 0.0, 0.0, 0.0, 0.0, 0.0, 0.0, 0.0, 0.0, 0.0, 0.0, 0.0, 0.0, 0.0, 0.0, 0.0, 0.0, 0.0, 0.0, 0.0, 0.0, 0.0, 0.0, 0.0, 0.0, 0.0, 0.0, 0.0, 0.0, 0.0, 0.0, 0.0, 0.0, 0.0, 0.0, 0.0, 0.0, 0.0, 0.0, 0.0, 0.0, 0.0, 0.0, 0.0, 0.0, 0.0, 0.0, 0.0, 0.0, 0.0, 0.0, 0.0, 0.0, 0.0, 0.0, 0.0, 0.0, 0.0, 0.0, 0.0, 0.0, 0.0, 0.0, 0.0, 0.0, 0.0, 0.0, 0.0, 0.0, 0.0, 0.0, 0.0, 0.0, 0.0, 0.0, 0.0, 0.0, 0.0, 0.0, 0.0, 0.0, 0.0, 0.0, 0.0, 0.0, 0.0, 0.0, 0.0, 0.0, 0.0, 0.0, 0.0, 0.0, 0.0, 0.0, 0.0, 0.0, 0.0, 0.0, 0.0, 0.0, 0.0, 0.0, 0.0, 0.0, 0.0, 0.0, 0.0, 0.0, 0.0, 0.0, 0.0, 0.0, 0.0, 0.0, 0.0, 0.0, 0.0, 0.0, 0.0, 0.0, 0.0, 0.0, 0.0, 0.0, 0.0, 0.0, 0.0, 0.0, 0.0, 0.0, 0.0, 0.0, 0.0, 0.0, 0.0, 0.0, 0.0, 0.0, 0.0, 0.0, 0.0, 0.0, 0.0, 0.0, 0.0, 0.0, 0.0, 0.0, 0.0, 0.0, 0.0, 0.0, 0.0, 0.0, 0.0, 0.0, 0.0, 0.0, 0.0, 0.0, 0.0, 0.0, 0.0, 0.0, 0.0, 0.0, 0.0, 0.0, 0.0, 0.0, 0.0, 0.0, 0.0, 0.0, 0.0, 0.0, 0.0, 0.0, 0.0, 0.0, 0.0, 0.0, 0.0, 0.0, 0.0, 0.0, 0.0, 0.0, 0.0, 0.0, 0.0, 0.0, 0.0, 0.0, 0.0, 0.0, 0.0, 0.0, 0.0, 0.0, 0.0, 0.0, 0.0, 0.0, 0.0, 0.0, 0.0, 0.0, 0.0, 0.0, 0.0, 0.0, 0.0, 0.0, 0.0, 0.0, 0.0, 0.0, 0.0, 0.0, 0.0, 0.0, 0.0, 0.0, 0.0, 0.0, 0.0, 0.0, 0.0, 0.0, 0.0, 0.0, 0.0, 0.0, 0.0, 0.0, 0.0, 0.0, 0.0, 0.0, 0.0, 0.0, 0.0, 0.0, 0.0, 0.0, 0.0, 0.0, 0.0, 0.0, 0.0, 0.0, 0.0, 0.0, 0.0, 0.0, 0.0, 0.0, 0.0, 0.0, 0.0, 0.0, 0.0, 0.0, 0.0, 0.0, 0.0, 0.0, 0.0, 0.0, 0.0, 0.0, 0.0, 0.0, 0.0, 0.0, 0.0, 0.0, 0.0, 0.0, 0.0, 0.0, 0.0, 0.0, 0.0, 0.0, 0.0, 0.0, 0.0, 0.0, 0.0, 0.0, 0.0, 0.0, 0.0, 0.0, 0.0, 0.0, 0.0, 0.0, 0.0, 0.0, 0.0, 0.0, 0.0, 0.0, 0.0, 0.0, 0.0, 0.0, 0.0, 0.0, 0.0, 0.0, 0.0, 0.0, 0.0, 0.0, 0.0, 0.0, 0.0, 0.0, 0.0, 0.0, 0.0, 0.0, 0.0, 0.0, 0.0, 0.0, 0.0, 0.0, 0.0, 0.0, 0.0, 0.0, 0.0, 0.0, 0.0, 0.0, 0.0, 0.0, 0.0, 0.0, 0.0, 0.0, 0.0, 0.0, 0.0, 0.0, 0.0, 0.0, 0.0, 0.0, 0.0, 0.0, 0.0, 0.0, 0.0, 0.0, 0.0, 0.0, 0.0, 0.0, 0.0, 0.0, 0.0, 0.0, 0.0, 0.0, 0.0, 0.0, 0.0, 0.0, 0.0, 0.0, 0.0, 0.0, 0.0, 0.0, 0.0, 0.0, 0.0, 0.0, 0.0, 0.0, 0.0, 0.0, 0.0, 0.0, 0.0, 0.0, 0.0, 0.0, 0.0, 0.0, 0.0, 0.0, 0.0, 0.0, 0.0, 0.0, 0.0, 0.0, 0.0, 0.0, 0.0, 0.0, 0.0, 0.0, 0.0, 0.0, 0.0, 0.0, 0.0, 0.0, 0.0, 0.0, 0.0, 0.0, 0.0, 0.0, 0.0, 0.0, 0.0, 0.0, 0.0, 0.0, 0.0, 0.0, 0.0, 0.0, 0.0, 0.0, 0.0, 0.0, 0.0, 0.0, 0.0, 0.0, 0.0, 0.0, 0.0, 0.0, 0.0, 0.0, 0.0, 0.0, 0.0, 0.0, 0.0, 0.0, 0.0, 0.0, 0.0, 0.0, 0.0, 0.0, 0.0, 0.0, 0.0, 0.0, 0.0, 0.0, 0.0, 0.0, 0.0, 0.0, 0.0, 0.0, 0.0, 0.0, 0.0, 0.0, 0.0, 0.0, 0.0, 0.0, 0.0, 0.0, 0.0, 0.0, 0.0, 0.0, 0.0, 0.0, 0.0, 0.0, 0.0, 0.0, 0.0, 0.0, 0.0, 0.0, 0.0, 0.0, 0.0, 0.0, 0.0, 0.0, 0.0, 0.0, 0.0, 0.0, 0.0, 0.0, 0.0, 0.0, 0.0, 0.0, 0.0, 0.0, 0.0, 0.0, 0.0, 0.0, 0.0, 0.0, 0.0, 0.0, 0.0, 0.0, 0.0, 0.0, 0.0, 0.0, 0.0, 0.0, 0.0, 0.0, 0.0, 0.0, 0.0, 0.0, 0.0, 0.0, 0.0, 0.0, 0.0, 0.0, 0.0, 0.0, 0.0, 0.0, 0.0, 0.0, 0.0, 0.0, 0.0, 0.0, 0.0, 0.0, 0.0, 0.0, 0.0, 0.0, 0.0, 0.0, 0.0, 0.0, 0.0, 0.0, 0.0, 0.0, 0.0, 0.0, 0.0, 0.0, 0.0, 0.0, 0.0, 0.0, 0.0, 0.0, 0.0, 0.0, 0.0, 0.0, 0.0, 0.0, 0.0, 0.0, 0.0, 0.0, 0.0, 0.0, 0.0, 0.0, 0.0, 0.0, 0.0, 0.0, 0.0, 0.0, 0.0, 0.0, 0.0, 0.0, 0.0, 0.0, 0.0, 0.0, 0.0, 0.0, 0.0, 0.0, 0.0, 0.0, 0.0, 0.0, 0.0, 0.0, 0.0, 0.0, 0.0, 0.0, 0.0, 0.0, 0.0, 0.0, 0.0, 0.0, 0.0, 0.0, 0.0, 0.0, 0.0, 0.0, 0.0, 0.0, 0.0, 0.0, 0.0, 0.0, 0.0, 0.0, 0.0, 0.0, 0.0, 0.0, 0.0, 0.0, 0.0, 0.0, 0.0, 0.0, 0.0, 0.0, 0.0, 0.0, 0.0, 0.0, 0.0, 0.0, 0.0, 0.0, 0.0, 0.0, 0.0, 0.0, 0.0, 0.0, 0.0, 0.0, 0.0, 0.0, 0.0, 0.0, 0.0, 0.0, 0.0, 0.0, 0.0, 0.0, 0.0, 0.0, 0.0, 0.0, 0.0, 0.0, 0.0, 0.0, 0.0, 0.0, 0.0, 0.0, 0.0, 0.0, 0.0, 0.0, 0.0, 0.0, 0.0, 0.0, 0.0, 0.0, 0.0, 0.0, 0.0, 0.0, 0.0, 0.0, 0.0, 0.0, 0.0, 0.0, 0.0, 0.0, 0.0, 0.0, 0.0, 0.0, 0.0, 0.0, 0.0, 0.0, 0.0, 0.0, 0.0, 0.0, 0.0, 0.0, 0.0, 0.0, 0.0, 0.0, 0.0, 0.0, 0.0, 0.0, 0.0, 0.0, 0.0, 0.0, 0.0, 0.0, 0.0, 0.0, 0.0, 0.0, 0.0, 0.0, 0.0, 0.0, 0.0, 0.0, 0.0, 0.0, 0.0, 0.0, 0.0, 0.0, 0.0, 0.0, 0.0, 0.0, 0.0, 0.0, 0.0, 0.0, 0.0, 0.0, 0.0, 0.0, 0.0, 0.0, 0.0, 0.0, 0.0, 0.0, 0.0, 0.0, 0.0, 0.0, 0.0, 0.0, 0.0, 0.0, 0.0, 0.0, 0.0, 0.0, 0.0, 0.0, 0.0, 0.0, 0.0, 0.0, 0.0, 0.0, 0.0, 0.0, 0.0, 0.0, 0.0, 0.0, 0.0, 0.0, 0.0, 0.0, 0.0, 0.0, 0.0, 0.0, 0.0, 0.0, 0.0, 0.0, 0.0, 0.0, 0.0, 0.0, 0.0, 0.0, 0.0, 0.0, 0.0, 0.0, 0.0, 0.0, 0.0, 0.0, 0.0, 0.0, 0.0, 0.0, 0.0, 0.0, 0.0, 0.0, 0.0, 0.0, 0.0, 0.0, 0.0, 0.0, 0.0, 0.0, 0.0, 0.0, 0.0, 0.0, 0.0, 0.0, 0.0, 0.0, 0.0, 0.0, 0.0, 0.0, 0.0, 0.0, 0.0, 0.0, 0.0, 0.0, 0.0, 0.0, 0.0, 0.0, 0.0, 0.0, 0.0, 0.0, 0.0, 0.0, 0.0, 0.0, 0.0, 0.0, 0.0, 0.0, 0.0, 0.0, 0.0, 0.0, 0.0, 0.0, 0.0, 0.0, 0.0, 0.0, 0.0, 0.0, 0.0, 0.0, 0.0, 0.0, 0.0, 0.0, 0.0, 0.0, 0.0, 0.0, 0.0, 0.0, 0.0, 0.0, 0.0, 0.0, 0.0, 0.0, 0.0, 0.0, 0.0, 0.0, 0.0, 0.0, 0.0, 0.0, 0.0, 0.0, 0.0, 0.0, 0.0, 0.0, 0.0, 0.0, 0.0, 0.0, 0.0, 0.0, 0.0, 0.0, 0.0, 0.0, 0.0, 0.0, 0.0, 0.0, 0.0, 0.0, 0.0, 0.0, 0.0, 0.0, 0.0, 0.0, 0.0, 0.0, 0.0, 0.0, 0.0, 0.0, 0.0, 0.0, 0.0, 0.0, 0.0, 0.0, 0.0, 0.0, 0.0, 0.0, 0.0, 0.0, 0.0, 0.0, 0.0, 0.0, 0.0, 0.0, 0.0, 0.0, 0.0, 0.0, 0.0, 0.0, 0.0, 0.0, 0.0, 0.0, 0.0, 0.0, 0.0, 0.0, 0.0, 0.0, 0.0, 0.0, 0.0, 0.0, 0.0, 0.0, 0.0, 0.0, 0.0, 0.0, 0.0, 0.0, 0.0, 0.0, 0.0, 0.0, 0.0, 0.0, 0.0, 0.0, 0.0, 0.0, 0.0, 0.0, 0.0, 0.0, 0.0, 0.0, 0.0, 0.0, 0.0, 0.0, 0.0, 0.0, 0.0, 0.0, 0.0, 0.0, 0.0, 0.0, 0.0, 0.0, 0.0, 0.0, 0.0, 0.0, 0.0, 0.0, 0.0, 0.0, 0.0, 0.0, 0.0, 0.0, 0.0, 0.0, 0.0, 0.0, 0.0, 0.0, 0.0, 0.0, 0.0, 0.0, 0.0, 0.0, 0.0, 0.0, 0.0, 0.0, 0.0, 0.0, 0.0, 0.0, 0.0, 0.0, 0.0, 0.0, 0.0, 0.0, 0.0, 0.0, 0.0, 0.0, 0.0, 0.0, 0.0, 0.0, 0.0, 0.0, 0.0, 0.0, 0.0, 0.0, 0.0, 0.0, 0.0, 0.0, 0.0, 0.0, 0.0, 0.0, 0.0, 0.0, 0.0, 0.0, 0.0, 0.0, 0.0, 0.0, 0.0, 0.0, 0.0, 0.0, 0.0, 0.0, 0.0, 0.0, 0.0, 0.0, 0.0, 0.0, 0.0, 0.0, 0.0, 0.0, 0.0, 0.0, 0.0, 0.0, 0.0, 0.0, 0.0, 0.0, 0.0, 0.0, 0.0, 0.0, 0.0, 0.0, 0.0, 0.0, 0.0, 0.0, 0.0, 0.0, 0.0, 0.0, 0.0, 0.0, 0.0, 0.0, 0.0, 0.0, 0.0, 0.0, 0.0, 0.0, 0.0, 0.0, 0.0, 0.0, 0.0, 0.0, 0.0, 0.0, 0.0, 0.0, 0.0, 0.0, 0.0, 0.0, 0.0, 0.0, 0.0, 0.0, 0.0, 0.0, 0.0, 0.0, 0.0, 0.0, 0.0, 0.0, 0.0, 0.0, 0.0, 0.0, 0.0, 0.0, 0.0, 0.0, 0.0, 0.0, 0.0, 0.0, 0.0, 0.0, 0.0, 0.0, 0.0, 0.0, 0.0, 0.0, 0.0, 0.0, 0.0, 0.0, 0.0, 0.0, 0.0, 0.0, 0.0, 0.0, 0.0, 0.0, 0.0, 0.0, 0.0, 0.0, 0.0, 0.0, 0.0, 0.0, 0.0, 0.0, 0.0, 0.0, 0.0, 0.0, 0.0, 0.0, 0.0, 0.0, 0.0, 0.0, 0.0, 0.0, 0.0, 0.0, 0.0, 0.0, 0.0, 0.0, 0.0, 0.0, 0.0, 0.0, 0.0, 0.0, 0.0, 0.0, 0.0, 0.0, 0.0, 0.0, 0.0, 0.0, 0.0, 0.0, 0.0, 0.0, 0.0, 0.0, 0.0, 0.0, 0.0, 0.0, 0.0, 0.0, 0.0, 0.0, 0.0, 0.0, 0.0, 0.0, 0.0, 0.0, 0.0, 0.0, 0.0, 0.0, 0.0, 0.0, 0.0, 0.0, 0.0, 0.0, 0.0, 0.0, 0.0, 0.0, 0.0, 0.0, 0.0, 0.0, 0.0, 0.0, 0.0, 0.0, 0.0, 0.0, 0.0, 0.0, 0.0, 0.0, 0.0, 0.0, 0.0, 0.0, 0.0, 0.0, 0.0, 0.0, 0.0, 0.0, 0.0, 0.0, 0.0, 0.0, 0.0, 0.0, 0.0, 0.0, 0.0, 0.0, 0.0, 0.0, 0.0, 0.0, 0.0, 0.0, 0.0, 0.0, 0.0, 0.0, 0.0, 0.0, 0.0, 0.0, 0.0, 0.0, 0.0, 0.0, 0.0, 0.0, 0.0, 0.0, 0.0, 0.0, 0.0, 0.0, 0.0, 0.0, 0.0, 0.0, 0.0, 0.0, 0.0, 0.0, 0.0, 0.0, 0.0, 0.0, 0.0, 0.0, 0.0, 0.0, 0.0, 0.0, 0.0, 0.0, 0.0, 0.0, 0.0, 0.0, 0.0, 0.0, 0.0, 0.0, 0.0, 0.0, 0.0, 0.0, 0.0, 0.0, 0.0, 0.0, 0.0, 0.0, 0.0, 0.0, 0.0, 0.0, 0.0, 0.0, 0.0, 0.0, 0.0, 0.0, 0.0, 0.0, 0.0, 0.0, 0.0, 0.0, 0.0, 0.0, 0.0, 0.0, 0.0, 0.0, 0.0, 0.0, 0.0, 0.0, 0.0, 0.0, 0.0, 0.0, 0.0, 0.0, 0.0, 0.0, 0.0, 0.0, 0.0, 0.0, 0.0, 0.0, 0.0, 0.0, 0.0, 0.0, 0.0, 0.0, 0.0, 0.0, 0.0, 0.0, 0.0, 0.0, 0.0, 0.0, 0.0, 0.0, 0.0, 0.0, 0.0, 0.0, 0.0, 0.0, 0.0, 0.0, 0.0, 0.0, 0.0, 0.0, 0.0, 0.0, 0.0, 0.0, 0.0, 0.0, 0.0, 0.0, 0.0, 0.0, 0.0, 0.0, 0.0, 0.0, 0.0, 0.0, 0.0, 0.0, 0.0, 0.0, 0.0, 0.0, 0.0, 0.0, 0.0, 0.0, 0.0, 0.0, 0.0, 0.0, 0.0, 0.0, 0.0, 0.0, 0.0, 0.0, 0.0, 0.0, 0.0, 0.0, 0.0, 0.0, 0.0, 0.0, 0.0, 0.0, 0.0, 0.0, 0.0, 0.0, 0.0, 0.0, 0.0, 0.0, 0.0, 0.0, 0.0, 0.0, 0.0, 0.0, 0.0, 0.0, 0.0, 0.0, 0.0, 0.0, 0.0, 0.0, 0.0, 0.0, 0.0, 0.0, 0.0, 0.0, 0.0, 0.0, 0.0, 0.0, 0.0, 0.0, 0.0, 0.0, 0.0, 0.0, 0.0, 0.0, 0.0, 0.0, 0.0, 0.0, 0.0, 0.0, 0.0, 0.0, 0.0, 0.0, 0.0, 0.0, 0.0, 0.0, 0.0, 0.0, 0.0, 0.0, 0.0, 0.0, 0.0, 0.0, 0.0, 0.0, 0.0, 0.0, 0.0, 0.0, 0.0, 0.0, 0.0, 0.0, 0.0, 0.0, 0.0, 0.0, 0.0, 0.0, 0.0, 0.0, 0.0, 0.0, 0.0, 0.0, 0.0, 0.0, 0.0, 0.0, 0.0, 0.0, 0.0, 0.0, 0.0, 0.0, 0.0, 0.0, 0.0, 0.0, 0.0, 0.0, 0.0, 0.0, 0.0, 0.0, 0.0, 0.0, 0.0, 0.0, 0.0, 0.0, 0.0, 0.0, 0.0, 0.0, 0.0, 0.0, 0.0, 0.0, 0.0, 0.0, 0.0, 0.0, 0.0, 0.0, 0.0, 0.0, 0.0, 0.0, 0.0, 0.0, 0.0, 0.0, 0.0, 0.0, 0.0, 0.0, 0.0, 0.0, 0.0, 0.0, 0.0, 0.0, 0.0, 0.0, 0.0, 0.0, 0.0, 0.0, 0.0, 0.0, 0.0, 0.0, 0.0, 0.0, 0.0, 0.0, 0.0, 0.0, 0.0, 0.0, 0.0, 0.0, 0.0, 0.0, 0.0, 0.0, 0.0, 0.0, 0.0, 0.0, 0.0, 0.0, 0.0, 0.0, 0.0, 0.0, 0.0, 0.0, 0.0, 0.0, 0.0, 0.0, 0.0, 0.0, 0.0, 0.0, 0.0, 0.0, 0.0, 0.0, 0.0, 0.0, 0.0, 0.0, 0.0, 0.0, 0.0, 0.0, 0.0, 0.0, 0.0, 0.0, 0.0, 0.0, 0.0, 0.0, 0.0, 0.0, 0.0, 0.0, 0.0, 0.0, 0.0, 0.0, 0.0, 0.0, 0.0, 0.0, 0.0, 0.0, 0.0, 0.0, 0.0, 0.0, 0.0, 0.0, 0.0, 0.0, 0.0, 0.0, 0.0, 0.0, 0.0, 0.0, 0.0, 0.0, 0.0, 0.0, 0.0, 0.0, 0.0, 0.0, 0.0, 0.0, 0.0, 0.0, 0.0, 0.0, 0.0, 0.0, 0.0, 0.0, 0.0, 0.0, 0.0, 0.0, 0.0, 0.0, 0.0, 0.0, 0.0, 0.0, 0.0, 0.0, 0.0, 0.0, 0.0, 0.0, 0.0, 0.0, 0.0, 0.0, 0.0, 0.0, 0.0, 0.0, 0.0, 0.0, 0.0, 0.0, 0.0, 0.0, 0.0, 0.0, 0.0, 0.0, 0.0, 0.0, 0.0, 0.0, 0.0, 0.0, 0.0, 0.0, 0.0, 0.0, 0.0, 0.0, 0.0, 0.0, 0.0, 0.0, 0.0, 0.0, 0.0, 0.0, 0.0, 0.0, 0.0, 0.0, 0.0, 0.0, 0.0, 0.0, 0.0, 0.0, 0.0, 0.0, 0.0, 0.0, 0.0, 0.0, 0.0, 0.0, 0.0, 0.0, 0.0, 0.0, 0.0, 0.0, 0.0, 0.0, 0.0, 0.0, 0.0, 0.0, 0.0, 0.0, 0.0, 0.0, 0.0, 0.0, 0.0, 0.0, 0.0, 0.0, 0.0, 0.0, 0.0, 0.0, 0.0, 0.0, 0.0, 0.0, 0.0, 0.0, 0.0, 0.0, 0.0, 0.0, 0.0, 0.0, 0.0, 0.0, 0.0, 0.0, 0.0, 0.0, 0.0, 0.0, 0.0, 0.0, 0.0, 0.0, 0.0, 0.0, 0.0, 0.0, 0.0, 0.0, 0.0, 0.0, 0.0, 0.0, 0.0, 0.0, 0.0, 0.0, 0.0, 0.0, 0.0, 0.0, 0.0, 0.0, 0.0, 0.0, 0.0, 0.0, 0.0, 0.0, 0.0, 0.0, 0.0, 0.0, 0.0, 0.0, 0.0, 0.0, 0.0, 0.0, 0.0, 0.0, 0.0, 0.0, 0.0, 0.0, 0.0, 0.0, 0.0, 0.0, 0.0, 0.0, 0.0, 0.0, 0.0, 0.0, 0.0, 0.0, 0.0, 0.0, 0.0, 0.0, 0.0, 0.0, 0.0, 0.0, 0.0, 0.0, 0.0, 0.0, 0.0, 0.0, 0.0, 0.0, 0.0, 0.0, 0.0, 0.0, 0.0, 0.0, 0.0, 0.0, 0.0, 0.0, 0.0, 0.0, 0.0, 0.0, 0.0, 0.0, 0.0, 0.0, 0.0, 0.0, 0.0, 0.0, 0.0, 0.0, 0.0, 0.0, 0.0, 0.0, 0.0, 0.0, 0.0, 0.0, 0.0, 0.0, 0.0, 0.0, 0.0, 0.0, 0.0, 0.0, 0.0, 0.0, 0.0, 0.0, 0.0, 0.0, 0.0, 0.0, 0.0, 0.0, 0.0, 0.0, 0.0, 0.0, 0.0, 0.0, 0.0, 0.0, 0.0, 0.0, 0.0, 0.0, 0.0, 0.0, 0.0, 0.0, 0.0, 0.0, 0.0, 0.0, 0.0, 0.0, 0.0, 0.0, 0.0, 0.0, 0.0, 0.0, 0.0, 0.0, 0.0, 0.0, 0.0, 0.0, 0.0, 0.0, 0.0, 0.0, 0.0, 0.0, 0.0, 0.0, 0.0, 0.0, 0.0, 0.0, 0.0, 0.0, 0.0, 0.0, 0.0, 0.0, 0.0, 0.0, 0.0, 0.0, 0.0, 0.0, 0.0, 0.0, 0.0, 0.0, 0.0, 0.0, 0.0, 0.0, 0.0, 0.0, 0.0, 0.0, 0.0, 0.0, 0.0, 0.0, 0.0, 0.0, 0.0, 0.0, 0.0, 0.0, 0.0, 0.0, 0.0, 0.0, 0.0, 0.0, 0.0, 0.0], optimizer_step: 1 }
 right: CausalLm { config: ModelConfig { hidden_size: 8, context_length: 4 }, kind: Flat { vocabulary_size: 256 }, seed: 1, layout: ParameterLayout { embedding: 0, position: 2048, recurrent: 2080, recurrent_bias: 2144, flat_output: 2152, flat_output_bias: 4200, pack_output: 0, pack_output_bias: 0, local_output: 0, local_output_bias: 0, parameter_count: 4456 }, weights: [-0.053033013, -3.4028235e38, 0.0112360455, 0.048612993, 0.002505546, 0.049175184, 0.0142001975, 0.029074652, -0.0011425959, -0.005121402, -0.041103896, 0.046270195, -0.020647025, 0.0069986996, 0.0039471644, 0.032985806, -0.04178361, 0.017037347, -0.04684108, -0.0061645494, 0.047312964, -0.024615122, -0.037529316, -0.011376998, 0.027904129, 0.0475286, -0.021068476, -0.03091493, -0.018829511, -0.015160435, 0.017087411, 0.044616953, -0.03253296, -0.027995026, 0.025903206, 0.0046388637, -0.049070314, 0.04168512, 0.017292598, -0.031894445, -0.039000116, 0.031092966, -0.032398585, -0.022284355, 0.04379113, 0.050664913, -0.02968137, -0.046597864, 0.039472293, 0.020153437, -0.049241118, -0.02038987, -0.027421594, -0.007529652, 0.016224302, -0.010555077, 0.038252167, -0.03610448, 0.048335664, -0.022318715, 0.012464352, -0.0031278138, -0.048212253, -0.033577815, 0.013304973, -0.035179403, -0.006287443, 0.0068989443, 0.032596305, -0.015423323, -0.03898429, -0.0022337653, -0.049084585, 0.015863422, 0.031427503, 0.03769688, 0.026680885, -0.03452811, 0.031144623, 0.016544791, -0.047413368, -0.000497591, -0.028573504, 0.025298662, -0.049325276, -0.01318293, 0.015371005, 0.0044016424, -0.046045426, -0.013598211, -0.009455866, 0.047400035, -0.030721402, 0.006157788, 0.030257402, 0.02849812, 0.052583516, -0.027578961, -0.025813367, 0.009886065, -0.018120287, -0.027248805, -0.028587684, -0.015792055, -0.00856214, -0.033560894, -0.03019463, -0.048368543, -0.0050376034, -0.040449698, 0.0485294, -0.019647177, 0.04914127, -0.04149461, 0.026320865, 0.052857578, -0.047761414, -0.012017742, 0.02037436, 0.0026222887, 0.042469643, -0.011801611, 0.013397875, -0.050218605, 0.032793116, -0.041787136, -0.035295248, -0.0349635, 0.0521904, -0.04397377, -0.0054452606, -0.016330756, -0.04503236, -0.0024079687, 0.022297697, 0.03962913, -0.011161138, 0.045822658, -0.024560986, -0.044102408, -0.033513226, 0.0013594193, 0.046564534, -0.0020056602, 0.027940372, -0.037637938, -0.028932868, -0.011413356, -0.03531309, -0.021932192, -0.031190319, 0.024654316, -0.03848317, 0.007168484, 0.032224894, 0.045271173, -0.036367863, -0.012778282, 0.03376722, 0.015341653, 0.022427097, 0.00087058113, -0.03504989, -0.038666785, -0.02055657, -0.0311514, 0.030416824, 0.040900327, -0.026448289, -0.010773864, 0.007850049, -0.0022341383, 0.02223318, -0.027972672, -0.039546628, 0.0070120264, 0.0050106053, -0.039793473, -0.0025355725, -0.034044374, 0.040942274, -0.010065702, -0.041353997, 0.031347264, -0.012473895, -0.0019340063, 0.026718937, -0.05098182, 0.00931174, -0.0035595007, -0.038412444, -0.010202852, -0.038208116, -0.020137059, -0.02554298, -0.009897719, -0.048455544, 0.0072024902, 0.02843258, 0.02367683, 0.007698896, 0.003034232, 0.04503752, -0.022378458, -0.04765437, -0.023485856, 0.02335271, -0.028665818, 0.019185508, -0.009644155, 0.044277992, 0.045255743, -0.021570364, 0.03166073, 0.008838751, -0.052601047, 0.008491678, 0.0048215133, -0.033291563, -0.051324923, -0.028771307, 0.001867723, -0.03367014, -0.04901896, -0.044693343, 0.031649265, -0.02660865, 0.02979188, -0.01629448, 0.012331299, -0.048295133, 0.020875981, 0.02441189, 0.035455246, 0.009568263, 0.031143308, -0.0439881, -0.02526012, -0.028000444, 0.04610999, -0.049484182, -0.021683712, -0.051190477, -0.023732966, 0.028121669, -0.008218728, 0.020223428, 0.038857017, 0.023492958, -0.03099235, 0.025166254, -0.045638036, 0.01965743, -0.03486806, -0.010266129, -0.007790265, 0.0147173265, 0.012787155, -0.04695762, 0.04066461, 0.051939026, 0.004866969, -0.011226489, 0.045380123, 0.010023632, 0.020320736, 0.04120527, 0.04513567, 0.022615822, 0.012744639, 0.043132238, -0.0033623737, 0.04640778, -0.025108455, 0.052606434, -0.008068592, 0.041302137, 0.022856811, 0.010097935, -0.029435305, -0.026704486, -0.04503905, 0.012610309, -0.039377186, -0.045996856, -0.023618544, -0.021532368, -0.0048510786, -0.0053582503, 0.0025425109, -0.04556616, -0.0144355, -0.0029154948, 0.007690165, 0.018191794, -0.033651773, 0.01780685, 0.01286037, 0.025725652, -0.0324405, -0.012469785, 0.03071081, 0.011623566, 0.024277302, 0.024772158, 0.0015334015, 0.039091703, -0.00849476, -0.006053218, -0.0024224587, -0.031790152, -0.004232923, 0.046210427, 0.015413723, -0.023378888, 0.039228335, -0.042732622, -0.044553746, 0.04861547, -0.0061577023, -0.046483874, 0.015381829, -0.034824025, 0.0296559, 0.0006622893, -0.016247362, -0.007390169, -0.0028854904, 0.030433882, 0.030968895, -0.03517671, 0.031782407, 0.00835016, 0.0024106272, -0.036054607, 0.036669, 0.04391335, 0.038304377, -0.03429126, 0.00074084685, 0.03436826, -0.007288056, 0.008696651, 0.017031524, -0.021259313, 0.012312345, 0.03994801, 0.02709233, -0.010262633, -0.02398187, -0.045223456, -0.029049579, 0.0063710297, -0.02112886, 0.008998755, -0.026006423, 0.030170456, -0.007717511, 0.015923576, -0.012918732, -0.052177023, -0.0117106745, -0.01946188, -0.012519375, 0.029837543, -0.030700982, 0.010097827, 0.043096803, 0.04886212, -0.004646744, -0.044788126, 0.044968955, 0.051725518, 0.046627283, 0.04038885, -0.024056243, 0.026402855, 0.0017841142, -0.014918857, -0.012637951, -0.028222695, 0.02064496, 0.028227981, 0.05094768, 0.045132525, -0.0105819525, 0.047161367, 0.037453253, -0.034414586, -0.02765846, 0.026859615, -0.0016609452, 0.024697412, -0.03681897, -0.019998321, 0.0085800225, 0.010560208, -0.04708393, -0.03592613, 0.0063229506, 0.03253325, -0.0009347276, 0.024838034, 0.0038580492, 0.010888719, -0.0054574115, -0.021059986, -0.034478102, 0.028297307, 0.04047528, 0.025221402, 0.03253105, -0.047929864, -0.046200495, -0.037797317, 0.015407603, -0.041407265, 0.024839418, 0.01466333, 0.05000661, 0.048229657, 0.019716261, 0.040836986, -0.03031655, 0.05148774, 0.026515843, 0.0056061465, 0.008142475, 0.03779427, 0.03795263, 0.011862362, 0.004775198, 0.052690256, 0.036396753, -0.029055584, 0.03438618, -0.0026799107, -0.023793252, -0.025937792, -0.042039897, -0.0040576006, -0.050449446, -0.013916929, -0.02591385, 0.034320157, 0.050486043, -0.0020657952, -0.052276425, 0.029832605, 0.03535759, 0.017097691, 0.020386068, -0.014935314, -0.0055930885, -0.04171037, 0.01634609, -0.013304628, -0.046140566, 0.0028124931, 0.0430211, 0.004062352, 0.015692044, -0.036010556, 0.0012482591, -0.05277362, -0.051370356, -0.018587643, 0.008877898, -0.03969671, -0.041996017, 0.011394596, -0.024780184, 0.05022219, -0.05246274, 0.033812087, -0.033603612, -0.010825882, 0.030948462, 0.047821987, 0.024478417, 0.024655048, -0.038174484, 0.023912957, -0.04045912, -0.026418922, 0.004728826, -0.011484093, 0.023778487, -0.0066621625, -0.030860132, -0.04344742, -0.031991363, -0.025675623, -0.047218516, -0.0113391355, 0.043815453, -0.036848437, 0.02006482, 0.025817448, 0.030667303, -0.04206329, -0.017396074, -0.023483688, 0.01336717, -0.03655615, -0.008565453, 0.035183698, -0.00044229854, -0.034272593, 0.045393348, 0.031867776, 0.009995253, 0.048823964, -0.015200643, 0.00011942311, 0.04521427, 0.013031116, -0.017567521, 0.024049899, -0.006874532, -0.00395146, -0.023513982, -0.022130407, 0.007743504, -0.04020465, -0.017057436, 0.04647626, -0.020244787, 0.026006691, -0.024701063, 0.036541183, -0.04816646, 0.025518656, -0.005123621, -0.018462827, 0.04469857, 0.03651118, 0.015007186, -0.036723718, -0.052012373, 0.0019456104, -0.0073326323, 0.038160227, 0.028053822, -0.027082657, -0.04676024, -0.021552775, -0.024753846, 0.029105244, -0.029250689, -0.04446696, 0.040805206, -0.009115982, -0.016465137, -0.040644404, -0.037306566, -0.045863118, -0.035484854, -0.013647383, 0.031921018, 0.025569106, -0.0528803, -0.018081736, -0.014523092, -0.012760257, 0.0006743138, 0.03972221, -0.019040706, -0.029568434, -0.024289632, -0.029592142, 0.028586078, -0.0037753663, 0.026668912, 0.019005684, 0.013148085, 0.044884145, -0.024202282, -0.025915159, -0.052377976, 0.005602208, 0.029048808, -0.032978017, 0.031099383, -0.0031534685, 0.04156375, -0.00045231264, -0.03880111, 0.034623425, 0.031653643, -0.0017970206, -0.040932752, 0.01555222, -0.011727263, 0.016808635, 0.036309455, -0.014084388, 0.04390098, 0.009412652, -0.02176357, -0.009591701, 0.018546205, -0.02419986, 0.023288656, 0.05078414, -0.018512001, -0.015862944, 0.052768033, -0.013203679, -0.040147804, -0.022084888, -0.020679343, 0.036586776, 0.0045866626, 0.051251024, -0.0316277, -0.04225743, 0.046411395, -0.026012752, 0.025466766, -0.025969654, 0.027496984, -0.032413125, 0.0030206523, -0.025969028, 0.020502418, 0.048554424, 0.004078922, 0.023746688, 0.039752714, -0.021536604, -0.023615267, -0.01177165, -0.026107032, -0.04190331, 0.00013575923, -0.031565007, -0.034577698, 0.046075445, 0.008388471, -0.050610267, -0.038463295, -0.024645329, -0.023067161, -0.04851777, 0.006783776, -0.034873538, -0.033948537, 0.0018114316, -0.03062298, 0.014009829, 0.030427616, -0.030083256, 0.04737271, 0.022575328, -0.0011447137, 0.045341026, -0.0017601821, 0.020873755, 0.032163315, -0.0070875464, -0.047614157, 0.035701744, -0.0425941, -0.038727567, -0.010451782, -0.029021097, -0.029492248, -0.013976983, 0.05047248, 0.04202042, -0.0029871867, -0.0063246167, 0.041546725, -0.03764731, 0.034061644, 0.051699962, 0.052665234, 0.018316932, 0.034554176, 0.052499883, 0.037944824, 0.013230228, -0.032674573, -0.02546202, 0.04999473, -0.0037269902, -0.041271657, 0.040191147, 0.0066851587, 0.040117577, -0.043205086, -0.007428999, 0.01927857, -0.0016009872, -0.044961825, -0.034407105, 0.03555308, -0.035520248, 0.04801012, 0.042046074, 0.04035258, -0.034760367, 0.022584124, -0.009083676, -0.0046496205, -0.052513804, 0.033406638, -0.012252769, 0.024127627, -0.008735661, 0.0077280276, -0.01626445, 0.020712094, 0.00810508, -0.022418154, 0.0013600704, -0.013100775, -0.018068606, -0.018858638, 0.031162804, -0.039070155, 0.019226475, 0.0075883297, -0.004947616, 0.015926339, 0.022922592, 0.044581953, -0.04352206, -0.018002212, 0.0441668, -0.017510686, 0.0087787295, 0.026080027, -0.01951521, 0.044654638, -0.020517569, 0.019168047, 0.01672129, 0.015240278, 0.022906262, 0.023177199, 0.029443922, 0.033476572, 0.037601773, 0.041228935, -0.016377702, -0.021753583, -0.046608802, 0.050200876, 0.019238658, 0.019407006, -0.033334132, -0.04300988, 0.04052725, -0.04320973, 0.00085628073, 0.01989309, -0.0014921471, -0.043501798, -0.007143642, 0.032053027, -0.04799696, 0.034153648, -0.04288545, -0.008492111, 0.038480148, -0.034522273, 0.0127598755, 0.039756317, -0.023189852, 0.009289803, -0.007699525, 0.043796126, 0.023707237, 0.031248126, 0.0065735118, -0.033140488, -0.051853318, -0.024365913, 0.030210005, 0.003701326, -0.023514526, -0.04967177, -0.049246006, 0.0055681705, -0.00026225983, 0.0057355016, -0.032711014, -0.041151408, 0.023736546, -0.016017593, 0.016201308, 0.043755893, -0.010416638, 0.032194447, -0.013199051, 0.011958565, -0.032922976, 0.029583348, 0.041660786, 0.037631933, 0.0078336755, 0.017800523, -0.03876839, 0.015585544, -0.04367132, -0.00984873, -0.038465608, -0.043220516, 0.015227673, -0.033024535, 0.029916665, -0.05060086, 0.035053495, 0.00493696, -0.0440483, -0.005455711, -0.03980549, 0.015136306, 0.021269463, -0.02702553, -0.0386282, 0.037956476, 0.052695896, 0.0468146, -0.03568242, -0.023713026, -0.02901374, 0.03557451, -0.0147108305, -0.006240148, -0.009178367, -0.034304783, 0.040085077, 0.040404808, 0.013472766, -0.010473915, -0.025989246, 0.04781076, -0.02480427, 0.017531583, 0.042507205, 0.05211583, 0.046012703, -0.04245346, -0.025656082, 0.032610733, 0.00616062, -0.021790149, 0.033292018, 0.040589187, 0.05053918, -0.007273515, -0.020476121, -0.025300296, -0.027173258, 0.014001641, -0.029088933, -0.031737685, -0.045273013, 0.027012976, -0.018707408, -0.046179984, 0.043011494, 0.015342164, 0.014533646, 0.0076770405, -0.033059914, 0.009128262, 0.006500872, 0.031464428, 0.04380486, -0.033097826, -0.004334986, -0.004518603, 0.032546956, -0.03290783, -0.03855077, 0.016493013, -0.02961774, -0.03819043, -0.0007871019, -0.05252859, 0.046400797, -0.007965455, 0.014673901, -0.025456805, -0.02308282, -0.034950327, -0.038920905, -0.03960391, 0.023118138, -0.044934925, 0.0028501598, -0.015355469, 0.028697662, 0.0026016978, 0.015850544, 0.03213211, -0.051588688, 0.030325407, -0.013421042, -0.020430325, 0.052884426, -0.03386044, -0.0130376555, -0.03712121, 0.00857157, 0.024355061, 0.045531575, 0.028491387, 0.038681004, 0.016902106, 0.0022765812, -0.012726245, -0.048862826, -0.041887518, -0.016568754, 0.01722936, 0.04848511, -0.032825638, 0.044673454, 0.02700862, -0.010014354, 0.008889637, -0.005212907, 0.049984127, -0.040637255, 0.014105772, 0.010687634, -0.033318944, 0.05069806, 0.02326084, -0.043801103, -0.0098583335, -0.016073612, 0.01670632, -0.025539074, 0.024065753, 0.008344463, -0.049171537, -0.049575526, 0.0046960274, 0.019436076, 0.022108681, -0.016366273, 0.02306698, -0.011638009, -0.036179032, -0.02862948, -0.02015234, -0.020424489, -0.03940944, 0.052109726, -0.035046984, -0.048493627, 0.012245869, 0.013141631, 0.009679872, -0.04813618, 0.01330142, -0.028933026, 0.020218432, 0.019228442, -0.027709574, 0.00027292193, -0.0043239417, 0.023936298, 0.036410924, -0.025502242, -0.026336016, 0.026874175, -0.0069795726, -0.021178657, -0.03621749, -0.031067165, -0.04724392, -0.007601837, 0.02332483, -0.0013822323, -0.052696202, 0.0471976, 0.026950115, 0.04947308, 0.043363933, -0.013748504, 0.025560217, 0.018237557, -0.0038682877, 0.017118104, 0.008361198, -0.025627417, -0.044990886, 0.03856507, 0.049487878, -0.011941625, 0.0120916115, -0.0039710207, 0.012654803, -0.006205168, -0.018528223, -0.004631881, 0.0007884201, -0.008685938, -0.004168217, -0.008723801, 0.021031389, 0.0023006112, -0.011791382, -0.027642846, -0.009599889, 0.016024342, -0.014585914, -0.033323694, 0.028535565, 0.0065322225, 0.01891628, 0.00841044, -0.044165883, -0.0143309785, -0.034015935, 0.020334378, 0.0024133266, 0.008798278, -0.018682651, -0.041875906, 0.043074124, 0.010801115, -0.009615156, 0.00073473976, -0.04833345, 0.023962092, -0.018894149, -0.006394083, 0.00035974235, -0.03397904, 0.017133063, -0.0055723647, -0.008931726, -0.013438201, 0.03529573, -0.003418254, -0.046264566, -0.0012340187, 0.04144026, -0.047895197, 0.031793535, 0.017402513, 0.020021021, -0.04755565, -0.034495533, -0.05235562, -0.022586346, 0.033289384, -0.04965288, -0.0060105445, -0.044826634, -0.050035316, 0.052721914, 0.008049401, 0.038749844, 0.03980376, 0.034246925, -0.04921124, 0.029180843, -0.020220092, -0.032812025, -0.013720883, -0.047601264, 0.00786569, -0.017498624, -0.01590503, 0.0062090657, -0.030685341, 0.019381473, 0.006466486, -0.05098212, 0.025508149, 0.004673597, 0.05242059, -0.0024074882, -0.0017318026, -0.0071066893, -0.003496565, 0.04622959, -0.014588164, 0.015117081, 0.0048803715, -0.029099144, -0.027323982, -0.052233085, -0.04423533, 0.00028574932, 0.045469105, 0.04011218, 0.02568456, 0.018431468, -0.003274624, -0.035410594, -0.014434185, -0.04321317, 0.049121317, -0.009371961, 0.0435465, -0.027700642, -0.003999817, 0.015118017, -0.0050159064, -0.018607741, 0.01675673, -0.025603501, 0.03877835, 0.026942024, -0.027973583, 0.05005789, -0.029111294, -0.048118744, 0.010361165, -0.018214745, 0.0028554576, 0.050798833, -0.011441622, -0.02910386, -0.05060047, -0.024742454, 0.010420838, 0.0055319513, 0.043586057, -0.043239236, 0.024463745, 0.038060904, 0.03802034, -0.0006000774, -0.032942865, 0.042525373, -0.02362367, 0.045066822, 0.006013829, -0.014376117, 0.0034774693, -0.040989157, -0.0506579, -0.034926277, -0.050189182, 0.051157538, 0.031700816, -0.043795872, -0.026998574, 0.045379944, -0.037876993, 0.034192093, -0.025533339, -0.036978476, -0.034769047, -0.046932913, 0.045728687, -0.025246907, 0.009270495, -0.049063317, -0.021619113, -0.040967803, -0.016451733, 0.018745495, -0.043464053, 0.03930423, -0.031709548, -0.03024479, -0.014021705, 0.003791516, 0.023413554, 0.0017347897, 0.025167102, 0.010863539, 0.010254853, -0.04264562, 0.0011525436, -0.0326727, 0.019907465, 0.0138176195, 0.02670599, 0.011457879, 0.051286343, 0.03288245, 0.017259054, 0.0031597558, 0.028325908, 0.0030202603, 0.033864327, 0.013912482, -0.052887607, 0.014118902, 0.041638948, 0.04426847, -0.020398285, -0.048139606, 0.031640902, -0.020916836, -0.049007062, -0.048524972, -0.05210203, 0.009930376, -0.012869394, -0.052222732, 0.02597813, 0.044010784, -0.033760477, -0.031461988, -0.028910419, -0.022764133, -0.019584026, -0.05216418, -0.01885925, -0.039049376, -0.012687004, 0.04565314, 0.02813198, -0.034265954, -0.04254531, 0.035055347, 0.046548087, 0.010862679, -0.04215491, 0.0011534919, -0.04231816, -0.019384295, -0.049358133, 0.04050948, -0.029276142, -0.015552141, 0.04465529, -0.017177667, -0.0042518578, -0.045850754, 0.017646518, 0.050239764, -0.014552148, 0.007530028, -0.04006788, -0.023352973, 0.015622451, 0.006384243, -0.040978238, 0.012268142, -0.025843909, -0.009191195, -0.042567685, -0.019597316, -0.036309354, 0.0485102, 0.0077869743, 0.016773958, -0.04750665, 0.026985537, -0.030497791, 0.0035213442, -0.0022702117, -0.04995702, -0.0025805475, -0.037167877, 0.027732302, 0.024476262, -0.0354938, 0.007900524, -0.009982308, -0.017115692, 0.029335137, 0.040546216, 0.042914513, -0.05263255, 0.050024513, 0.050327875, 0.028683806, -0.024075126, 0.00246267, 0.021913072, -0.0029703574, -0.049527783, -0.03404328, 0.0056829974, 0.013170636, 0.04874494, 0.030414214, -0.01634761, -0.026956854, -0.012942825, -0.04041045, -0.0016756124, -0.04661556, 0.0048006317, -0.0010679959, 0.034070704, 0.048766907, 0.025856543, 0.03740465, 0.002041933, -0.04573934, 0.00072438427, 0.0071429936, -0.006886626, 0.030801361, -0.052255265, 0.030559544, 0.0039047373, 0.013571674, 0.019407291, 0.0033897005, -0.022655211, 0.037028387, -0.024637185, -0.04280925, -0.013408537, -0.0010046302, 0.048844397, -0.00073699356, -0.048888765, -0.0073416033, 0.013357768, 0.0435373, -0.021276377, 0.017139086, -0.050741915, 0.052879974, -0.023348061, -0.041231558, 0.0065718554, 0.017768413, 0.021343766, 0.012270088, 0.014684642, 0.04867974, 0.007630258, 0.04409973, 0.038965434, 0.0072269314, -0.009393873, -0.006974717, 0.02432191, 0.0058614174, 0.036144786, -0.007287392, -0.052877553, -0.04012298, -0.042118095, 0.0020302497, -0.015197399, 0.049354363, 0.029886205, -0.0337668, -0.026519934, -0.020063274, -0.043717626, 0.0070203147, -0.031614557, 0.010986281, -0.0072687673, 0.02612753, -0.036602765, 0.038904432, 0.026883816, -0.05065283, -0.028684203, 0.022108769, -0.047063716, 0.03735597, 0.030148631, -0.043667354, -0.031387642, -0.012812509, 0.002629287, -0.0044652894, -0.024328614, -0.023433907, 0.052318938, -0.050897293, -0.003852489, -0.0067308513, 0.006534789, -0.009283484, 0.0013722404, 0.00051449926, -0.0047632973, 0.048216626, 0.040090032, 0.042043824, -0.009963746, -0.0014659234, 0.021394292, -0.033837244, -0.029273367, 0.015693005, -0.005823324, -0.047170926, -0.022943439, 0.04260564, -0.042812154, -0.04948227, -0.035151374, -0.0061539537, -0.017855894, -0.03543129, -0.017850678, -0.0042682253, 0.0125193475, 0.0190745, 0.035572406, -0.015114423, 0.0056147887, 0.005832229, 0.012194799, 0.05255393, 0.03268604, -0.045208465, -0.0499111, -0.05234137, -0.04012481, -0.017786289, 0.04720791, -0.04612501, -0.04682378, 0.022838395, -0.0011704634, 0.010215335, -0.029526025, 0.035259314, 0.015012528, -0.037195005, 0.049323052, 0.005265661, 0.03406681, 0.0181629, 0.0074352296, 0.041586958, 0.036286972, -0.04742198, -0.011033098, 0.026774243, 0.010031085, -0.007070047, 0.012883345, 0.042036865, 0.004171685, 0.034449752, -0.041497923, 0.03435558, 0.017196093, 0.02611968, -0.04475615, -0.035923563, 0.049190257, -0.03638468, -0.02513351, 0.015578538, 0.03396706, -0.0141747035, 0.014235354, 0.012127154, -0.02706256, -0.03859796, -0.05240136, 0.011840197, -0.030552577, 0.03927513, -0.011863895, -0.02419807, 0.0131476745, -0.03235964, 0.037870035, 0.028609717, 0.004323995, 0.042404532, 0.015268019, 0.04108972, 0.009763462, -0.02287501, 0.017794978, -0.051501438, 0.044046175, 0.02782588, -0.047016162, -0.04444206, 0.022917971, 0.050779015, -0.012043352, 0.05270335, -0.044413637, -0.047658652, -0.030459492, -0.04756874, -0.0075040604, 0.028592933, 0.042366114, 0.018490635, 0.024557063, 0.01884542, -0.023780514, 0.02808729, 0.0010834944, 0.006990987, -0.022215767, -0.023463318, 0.018433396, 0.044336647, 0.019123647, 0.03017758, 0.035686992, 0.027014872, 0.026495447, 0.042174265, 0.04691763, 0.035424642, -0.025145514, 0.004907417, 0.022206679, -0.019937763, 0.036383335, 0.041286908, 0.018797968, 0.04228142, 0.031336617, -0.04855586, 0.011199131, 0.022064686, -0.01640521, 0.033949073, 0.00093839754, 0.014442862, -0.028300887, 0.010436916, -0.040693168, 0.022227617, -0.02354046, -0.049216423, 0.046563935, 0.028038459, 0.032828316, -0.03335603, 0.035788227, -0.020505438, -0.046407185, -0.04439861, 0.0100642005, -0.028575439, 0.026481122, -0.016699564, 0.015706813, -0.030408328, -0.05217129, 0.04306246, 0.023701414, -0.028133169, 0.027153393, -0.04778384, 0.0010224805, 0.041098744, 0.012211983, -0.0007509969, -0.02046468, -0.031697106, -0.02818463, -0.033350036, 0.047416322, -0.023788523, 0.041023765, 0.04088628, 0.046191774, 0.042507462, -0.002296619, -0.019940557, -0.009457795, 0.026578033, -0.050151136, -0.011316161, 0.049368385, 0.038859088, -0.04312305, -0.030282058, 0.0075755594, 0.0065031475, -0.019573374, 0.037744295, -0.029630978, -0.024902198, -0.01266006, -0.0024763984, 0.028617784, 0.041009396, 0.027238216, 0.024450405, -0.012662633, 0.019904127, -0.035605464, 0.0067268335, 0.011876138, -0.027808376, -0.009596671, -0.046676368, 0.012672138, 0.048524912, -0.0130293295, -0.010721334, -0.044155266, -0.04777918, -0.03417467, 0.036074515, -0.03347163, 0.021670882, -0.051038705, 0.045031767, 0.049282216, -0.00874474, 0.03925405, -0.021090446, -0.040567573, 0.005312754, 0.016559307, -0.0044808732, 0.004677567, -0.052207477, -0.0031657016, -0.042882655, -0.005694279, 0.014041901, 0.049522404, -0.007371753, -0.052315976, -0.027394889, 0.025183633, 0.027295943, -0.0024194685, 0.0011791025, 0.01755268, 0.04219126, 0.02345311, 0.04184623, -0.03309648, -0.006458075, 0.020475581, 0.022560617, -0.038710408, 0.017598484, 0.03314525, 0.050865486, -0.048431557, 0.040545106, 0.006683218, -0.010396559, -0.033012845, -0.004193006, -0.046389155, 0.023435012, -0.012938583, 0.0156032955, -0.0025467435, -0.038398378, 0.05097101, -0.026780836, 0.01947691, 0.03549625, 0.0068094307, -0.05039464, -0.006016614, -0.012726801, 0.027546763, -0.04696218, -0.0010505156, -0.03328799, -0.038401324, 0.019732395, 0.04141549, 0.04690428, 0.004104267, -0.0076359063, 0.0053094537, -0.025310095, 0.033201266, -0.013222853, -0.008880347, -0.010046767, -0.021393834, -0.031536248, -0.049546875, -0.023921747, -0.039886016, 0.0038509115, -0.027363867, 0.029537981, -0.047798242, -0.0038901556, -0.035885032, 0.0010518084, 0.019291908, -0.037851498, 0.007574826, -0.037368476, 0.00411167, -0.050977062, -0.013528403, -0.024449946, -0.009765216, 0.051561307, 0.0104362015, -0.0010436435, 0.016288351, 0.008579314, -0.04204989, 0.027846016, 0.030736106, 0.011712094, -0.04101855, -0.044916768, -0.014642616, 0.03324312, -0.05291617, 0.03562393, 0.041017506, 0.041179482, 0.048324842, -0.04540122, 0.031779207, -0.0016615775, -0.03407191, -0.048661325, -0.031641454, 0.020627897, -0.047213964, 0.030933132, -0.033843357, 0.026495151, 0.05036451, -0.03956704, 0.0038022066, 0.0442618, 0.014825617, 0.014592928, -0.017232971, 0.033575956, -0.025212755, 0.015143046, 0.013841012, 0.03236743, -0.04953831, -0.0464505, 0.032253508, 0.030521713, 0.014569271, 0.027404195, 0.020271689, -0.011255058, -0.04771417, -0.047630522, -0.049114272, -0.048341442, -0.04467763, -0.033495475, 0.014705808, -0.014781675, 0.025809735, 0.0044533247, 0.010070681, 5.8390247e-5, 0.0033681488, 0.021864315, -0.029990455, -0.00053288054, 0.014163606, -0.04109527, -0.022132652, 0.016889632, -0.015801216, 0.04542481, -0.04971711, -0.03993556, -0.022841698, -0.03234171, 0.051999096, -0.01972576, -0.030548943, 0.045375425, -0.04267779, 0.024668528, -0.028871316, -0.05241774, 0.022133932, 0.03916416, -0.041011754, -0.050645247, 0.015101522, -0.020141743, 0.026044384, 0.028865146, -0.04090313, 0.017268568, 0.0038898361, 0.038393106, -0.012110783, 0.047815003, -0.01371111, 0.050665036, 0.014717118, 0.027517296, 0.025265573, -0.034380406, 0.010065844, 0.0047738203, 0.010599537, -0.05264089, -0.02795363, 0.005926073, -0.006689208, 0.042983823, 0.025809262, -0.018030591, 0.029826682, 0.033724662, 0.01937572, -0.03115836, 0.004436584, -0.018657863, -0.012271331, 0.020399963, -0.04571868, 0.036561154, 0.012724756, -0.036149513, -0.007631658, 0.010347712, 0.008705887, -0.046357784, -0.014941976, -0.018816236, -0.052508943, 0.038941357, -0.018920828, 0.019673677, 0.029892994, -0.02898923, -0.007307376, -0.00035272175, -0.033924423, 0.005449373, 0.012127717, -0.006682355, 0.016205583, 0.040637873, -0.052076906, -0.019125571, 0.035764955, 0.020922195, -0.04284936, 0.04752501, -0.008552885, -0.012719152, -0.010024122, 0.008055357, -0.03434434, 0.015226263, 0.0005650881, -0.04142387, 0.030396905, -0.052030705, -0.036282185, -0.009383789, -0.048702784, -0.04469699, 0.049642768, 0.038809422, 0.03001956, -0.010299491, -0.021305995, -0.02467456, 0.041470423, 0.008072009, 0.006908421, -0.021875497, -0.049226433, -0.0035341748, 0.036744617, -0.012985448, 0.008976281, -0.049663953, -0.018196203, 0.005432569, -0.044996835, -0.014264274, 0.04254161, -0.013345652, 0.0403012, -0.0103731165, -0.03997367, 0.014075287, 0.00040064586, -0.008258, -0.005506774, -0.003451236, -0.0032710582, -0.009523183, -0.025715029, 0.016572071, 1.2631412e-5, -0.018080946, 0.02225809, -0.015035144, 0.0070351525, 0.025391053, -0.03925361, -0.00768824, 0.037822712, 0.02124262, 0.04709865, -0.049388573, -0.0086800335, -0.031553555, 0.043253265, -0.004295644, 0.010339246, -0.048188735, 0.0075663864, -0.047031227, -0.03869643, 0.022050083, 0.040981956, 0.033490032, 0.016983591, 0.030963724, 0.04628055, 0.045343276, -0.0067605586, 0.012211907, -0.014514949, 0.0048107975, 0.008634417, -0.052769974, 0.018501787, 0.019613888, 0.036007013, 0.049584005, 0.036209982, 0.027284462, -0.011220395, -0.006567749, -0.016381249, -0.047309935, 0.042580117, -0.03327894, 0.030006241, -0.013990853, -0.00023569468, -0.039069418, 0.047346905, 0.039236963, -0.04937756, -0.0073847068, -0.040619653, -0.0050995024, -0.0028304572, -0.00031049692, 0.021747604, -0.04114729, 0.0081814, -0.035362814, -0.041530214, 0.008405433, -0.023410402, -0.037547566, -0.0066522937, 0.020426193, 0.022541469, -0.036991715, -0.028271325, 0.040764082, -0.001145327, -0.013493916, -0.023811465, 0.0060424106, 0.012499894, 0.01178725, 0.021011056, -0.016376091, 0.051873248, -0.015772065, -0.019970486, 0.017437803, 0.0013055493, -0.009959403, -0.021708373, -0.014653351, -0.020636803, 0.032023497, -0.0054858164, 0.044382337, 0.0031798598, -0.014424961, 0.022982404, -0.038002297, -0.026839783, 0.010320116, -0.04597871, -0.011938476, 0.043675013, 0.044500556, 0.022536878, -0.032689977, 0.045249097, -0.0048630903, -0.03151274, -0.01431193, 0.039633602, -0.027352715, -0.026184522, -0.02036067, 0.048226837, 0.005241884, 0.006346064, 0.04341224, 0.05180403, -0.035761345, -0.03638582, 0.0056116404, 0.0118805, 0.01679532, 0.032512356, -0.015997685, 0.011887713, -0.038212933, 0.032045305, 0.051134117, 0.039743654, 0.05006279, 0.006914275, 0.008736821, -0.00077438203, -0.0061723, -0.035996053, -0.020862859, -0.0052404962, 0.01250743, -0.041587397, 0.030970559, 0.016375266, 0.013183338, -0.006218103, 0.023817658, 0.049173586, 0.016442014, 0.025244812, 0.04660053, -0.0032900812, -0.02670905, 0.02871857, 0.038423825, -0.0056017116, 0.04865035, -0.014424822, 0.0046283756, 0.03279153, -0.03612256, -0.043197505, -0.053028606, 0.008959704, 0.023348494, 0.039604206, -0.0020915892, 0.039766334, 0.012592968, 0.044128492, -0.010356003, 0.03133248, -0.046278533, 0.052706514, -0.048883956, 0.04762926, 0.031528294, 0.049906876, 0.012307407, 0.021111805, -0.01824107, -0.0497675, -0.04290611, 0.043521274, 0.49919695, -0.008052952, 0.004716904, -0.00995723, -0.008883482, 0.003573464, 0.0065529416, -0.009779667, 0.00040312408, 0.49560797, 0.0039830217, -0.00836496, -0.0053132735, -0.00986522, 0.0071899663, 0.0031620658, 0.000987308, -0.0052050194, 0.4906361, -0.0047854176, -0.004391108, 0.007133342, -0.004327957, 0.00069776294, 0.00021669983, -0.0013675457, 0.0041622506, 0.4946328, 0.0040978217, -0.0035301559, -0.005906631, 0.003755983, 0.0022411263, -0.005646423, -0.008163667, 0.00047770617, 0.50449103, -0.0050534857, 0.0050394544, -0.0067653903, 0.009387053, 0.009039929, 0.0059207357, 0.0013327539, 0.002953503, 0.50088847, -0.008232629, 0.007322764, -0.009434467, -0.0034090024, 0.009434178, -0.009097015, -0.004882411, 0.008277624, 0.50058997, -0.0050770673, 0.007967868, 0.0057502748, 0.009472615, 0.0077059017, -0.008606353, -0.007266248, -0.009471882, 0.49571338, 0.0, 0.0, 0.0, 0.0, 0.0, 0.0, 0.0, 0.0, -0.0520215, 0.0035654847, -0.026074776, -0.03226403, -0.045575973, -0.0042773862, 0.01877192, 0.012732488, 0.040778488, -0.011282958, -0.010181534, 0.025882015, -0.023658214, -0.05125791, -0.026137719, 0.04288914, -0.0043043685, -0.0039408836, 0.008115403, 0.039199747, -0.027022054, -0.021401415, 0.037339773, 0.032340016, 0.033479057, 0.031854756, 0.046476778, 0.00019758234, 0.0048272917, 0.04934267, 0.0388106, 0.028171973, 0.021439722, 0.028187595, -0.04239244, -0.011036803, -0.03790566, 0.00494198, -0.049393423, 0.037272412, 0.009963086, 0.037045635, -0.00082819513, 0.014837888, -0.0062784404, 0.015052856, 0.04504901, -0.03687717, 0.014584406, 0.036886454, 0.042859107, -0.036637604, 0.040786523, -0.020870907, -0.010299111, 0.039760858, 0.029695582, -0.029581761, 0.019669315, -0.018318053, 0.0030998671, 0.00087453244, -0.019771462, 0.039189953, 0.042916335, -0.052488036, -0.025804637, -0.024720928, 0.029119564, -0.044648506, 0.007816119, -0.028022248, -0.006711354, 0.018871631, 0.012749368, -0.003925445, -0.033856824, -0.018188685, -0.05126365, -0.021605875, -0.025249563, -0.04325642, 0.012635521, -0.039584734, 0.041233573, 0.031036068, -0.0112866685, -0.011340943, -0.039333634, -0.01563003, 0.0042670085, -0.029783515, 0.051308744, 0.023329718, -0.040137783, -0.041690417, -0.0313791, -0.024749458, 0.008554367, 0.012390308, -0.020522071, 0.04354274, 0.043297436, 0.024614885, -0.01344867, 0.035678204, -0.01769206, 0.0015033656, -0.04480959, -0.0016152244, -0.046267357, -0.023458773, 0.041889656, -0.04102518, -6.9362126e-5, -0.044370312, 0.002730231, -0.040521637, 0.05212022, 0.04744685, -0.012201814, 0.035766292, -0.026054205, -0.024811864, -0.0015401123, 0.0064154295, 0.027604464, 0.024051536, 0.009335814, 0.0039257137, -0.04349528, 0.03814618, -0.032102067, 0.04147266, 0.00025262823, -0.011491281, -0.015946187, -0.05025763, 0.018081347, -0.018711384, -0.015286679, -0.024314174, -0.025002997, 0.043667946, 0.0026883285, -0.012897559, -0.035438146, 0.046196, 0.048480477, 0.007697979, -0.0264838, 0.03555444, 0.0007205721, 0.04336724, 0.0048264572, 0.02386233, 0.034134075, -0.031984385, 0.03241484, -0.02657745, -0.013139889, -0.0124718025, -0.04708893, -0.02207351, -0.007446941, 0.019859234, -0.038300876, -0.015761191, 0.047575187, -0.048353877, -0.0052058897, -0.037934255, 0.036248073, 0.046825156, -0.02448958, -0.025518142, -0.01754911, -0.038952902, -0.031070933, 0.00090972084, -0.02076194, -0.05186825, -0.013294797, -0.0013807403, 0.0386641, -0.024244435, -0.021689331, 0.037813876, 0.01707631, 0.037682414, -0.003259236, 0.03577833, 0.038333975, -0.043715853, 0.015334186, 0.014070981, -0.017540293, 0.013391844, 0.036851954, -0.05270111, -0.013900176, -0.04249783, 0.00932922, -0.022662336, 0.051558033, -0.012430343, 0.029618593, -0.019228311, 0.007448354, 0.04100502, -0.03504363, 0.050474033, 0.045692325, -0.017726766, -0.032215904, 0.009655798, 0.01348242, -0.011451263, 0.03921053, -0.047091868, 0.010765408, 0.034086384, -0.034540772, -0.025584415, 0.012445936, -0.040569756, -0.045874465, 0.047519963, 0.0016488354, 0.013926966, 0.013289509, -0.0072031002, -0.011318816, -0.026973108, 0.012847758, 0.01308833, -0.035534304, -0.0074516004, -0.036415305, 0.050689597, 0.02452154, 0.0433733, 0.0026613777, 0.0013403457, -0.008612059, -0.0070556896, -0.021123005, 0.023227358, -0.039317533, 0.0036582605, -0.02813691, 0.050814766, 0.035012223, 0.031064782, -0.013803747, -0.02962281, 0.044279072, 0.0028964498, 0.030875923, -0.05039954, -0.029215898, 0.007003043, -0.00998466, 0.020911094, 0.02708791, -0.0035247612, 0.009522421, -0.025052885, -0.0060421675, 0.0027362558, -0.018207645, 0.020773165, -0.0025599503, -0.031903975, -0.050537046, -0.03305687, 0.006148773, -0.035247307, -0.046979748, -0.047209565, 0.038430855, 0.0016480262, -0.0017223005, 0.005278855, 0.012180518, -0.0012921814, -0.0052831764, -0.02798722, 0.032929294, 0.025597936, 0.043710437, 0.04066383, -0.0030902482, 0.030510738, 0.0066126008, -0.0513629, -0.021289932, 0.048144996, -0.0021653483, 0.035464365, 0.037065826, 0.031647235, 0.020946207, 0.020697914, 0.016419513, 0.048892565, 0.045847725, 0.038905714, 0.001825201, 0.0322821, 0.020884503, 0.006021845, -0.019732853, -0.020347767, 0.047732424, 0.038380936, 0.017991226, 0.022691067, -0.051792, 0.0526972, -0.031904947, 0.028819906, 0.025868334, -0.02819914, 0.027419906, 0.030158898, 0.04379288, -0.018103484, 0.040653028, -0.0066133123, -0.015317031, -0.008346471, -0.048113022, -0.00201496, -0.0129188895, 0.019489143, -0.049086753, 0.007080538, 0.04813147, 0.027301949, -0.04169759, 0.0060876575, 0.037515722, -0.009863062, 0.020116199, -0.047445554, 0.0065816483, -1.0219558e-5, 0.0054637934, 0.013285558, -0.026163185, -0.051609658, 0.0014141238, 0.00046863296, 0.006804095, 0.018616159, 0.039385613, -0.03195563, 0.041164953, 0.05204466, 0.019781612, -0.029823666, 0.012884501, -0.010106681, 0.02729923, -0.048417807, -0.048383005, -0.042403653, 0.006638477, 0.037909016, 0.01563363, 0.025641792, 0.025901033, 0.041648142, -0.004487897, 0.05300362, -0.0477903, -0.02580238, 0.049945455, -0.014991137, -0.027550347, 0.008101907, -0.008347482, -0.009590343, 0.045578696, 0.030864108, 0.022789797, 0.03757746, 0.030734558, 0.0064158216, -0.033154104, -0.04851045, 0.052513372, 0.03508643, 0.041972555, 0.030716926, -0.0135178575, 0.046832304, -0.011864888, -0.0020359238, 0.019579288, 0.017974246, 0.010299829, 0.04598308, 0.04851301, -0.0400465, -0.013147767, 0.027019018, 0.030421358, 0.01250676, 0.028697997, 0.012710354, 0.009566227, 0.030621348, -0.05249951, -0.025317796, -0.01963509, 0.031043615, 0.0038416244, -0.029255044, 0.03682501, -0.048571866, -0.02448788, -0.009789827, 0.04611744, 0.022032002, 0.010200131, -0.047777183, 0.013895672, -0.023321996, 0.052194763, -0.038354985, -0.035111967, 0.050231736, 0.049043354, -0.02543383, -0.007499496, 0.046932034, -0.03504037, 0.015129694, -0.006673283, -0.02677177, -0.021562012, 0.0253326, 0.05272802, -0.049032934, 0.04377082, -0.0236719, 0.016052185, -0.021774786, -0.012173118, -0.047198437, 0.039099287, -0.0042334227, -0.043081522, 0.052760072, 0.022132603, 0.019516181, 0.037714865, -0.0150482375, 0.0052552423, 0.044173975, 0.009664401, 0.037925605, -0.002435988, -0.038225647, 0.040404357, -0.022211108, -0.0154181775, 0.018631503, 0.03223525, 0.0084701395, 0.033112228, 0.04005583, -0.020466285, 0.030710192, 0.021586634, -0.04061588, 0.021932973, -0.03693082, 0.0032368214, 0.037725728, -0.035433315, -0.027209831, -0.049966227, 0.0387474, 0.05192016, 0.041861843, -0.043310773, -0.02850558, -0.00040720496, -0.03835592, 0.011496639, -0.033021342, 0.023355518, -0.034946393, -0.033958968, 0.03765695, -0.030366002, 0.022246988, -0.006350777, -0.019600704, -0.011548274, 0.023228679, -0.005113544, -0.0047842674, 0.040372405, 0.051917825, 0.041502513, 0.046808332, 0.03825699, 0.009048712, -0.04950565, 0.01190343, -0.03888723, -0.033698242, -0.052344482, 7.3632655e-5, -0.021260926, -0.017173216, -0.039696936, 0.038950436, 0.04070712, -0.042428564, -0.008260346, -0.038367383, 0.017406635, 0.010245921, -0.030064505, -0.03935772, -0.023298642, 0.011741681, -0.012110853, 0.0429402, -0.019012818, 0.050990917, 0.032644916, 0.046918258, 0.023161236, 0.016131993, -0.028218858, 0.02096648, 0.03299726, -0.017794184, -0.0017580073, 0.04561658, 0.031282328, 0.045388658, 0.030095091, -0.010964087, -0.019797983, 0.0413813, -0.016938202, -0.03112584, -0.009790997, 0.031568356, 0.006887628, 0.03359279, -0.027532116, -0.025086524, 0.040114447, 0.034469303, 0.01654847, 0.0022580891, 0.013942973, -0.024592608, 0.03195517, 0.015444094, -0.019893236, 0.044623755, 0.027429054, 0.024022613, 0.031129697, -0.038772788, 0.048500277, 0.0010884192, 0.017867744, -0.013820841, -0.02031111, 0.03266381, -0.03201037, -0.021398885, -0.030341782, -0.040387277, -0.04104445, 0.030372413, 0.022747137, 0.036908295, 0.023792712, -0.015696125, 0.04963007, -0.024379317, -0.007172192, -0.0062615923, -0.019088937, 0.029962713, -0.005073835, 0.03113471, -0.03694825, 0.017368324, 0.01119664, 0.022675084, -0.050400984, -0.027825918, -0.015916409, -0.03523316, 0.04478786, 0.0271595, 0.025685925, 0.05077089, -0.0022123968, 0.04553933, -0.02454838, -0.050232615, -0.02633726, 0.008497039, 0.0036615035, 0.0066324016, 0.020194037, 0.006797514, 0.020884085, 0.008319036, 0.038151592, -0.05160165, -0.015180722, 0.0122360885, 0.014966004, -0.052769177, -0.0034046047, 0.0012577295, -0.034997683, 0.03291287, 0.048029013, -0.012225028, 0.02115197, 0.032925565, -0.04644572, 0.028163496, 0.007536856, 0.019682521, 0.0042626904, 0.037683547, -0.0499691, 0.052946072, -0.028098138, 0.025057718, -0.02010617, -0.036042836, 0.039142862, -0.012404593, -0.01098894, 0.012971221, -0.0037201056, 0.04660773, 0.05256325, -0.037203934, -0.020183286, -0.001257859, -0.025913382, -0.023216626, -0.043746054, 0.016657336, -0.03393607, -0.038757034, 0.022563083, -0.007921776, 0.034210384, -0.014354926, 0.019408664, 0.01379036, -0.05189971, -0.016228162, 0.029749604, -0.02808519, -0.034241814, -0.017393963, -0.010808312, 0.04543934, 0.0073852097, -0.047012255, -0.037811592, -0.007465825, 0.04214914, 0.019319972, 0.0026806158, 0.0452393, -0.038242735, -0.04724694, -0.04950595, 0.019539136, 0.0024939831, -0.0009681838, -0.027512675, -0.012265104, -0.032739025, 0.029420037, 0.043196823, 0.0071936836, 0.029113311, 0.039342243, 0.048190758, -0.015029322, -0.007993682, -0.0296197, -0.01856008, -0.011687865, -0.033617362, 0.00882655, -0.031599753, -0.017143724, 0.0004886611, -0.00076274946, -0.007348665, -0.052134387, -0.047865078, 0.019405464, 7.89242e-5, -0.009105658, -0.040722266, 0.045012947, -0.028099788, 0.03846404, -0.016660962, -0.01957044, 0.047171306, -0.046435073, -0.023485571, 0.050038893, -0.018584387, -0.03991663, 0.022809446, -0.016958868, 0.0062111584, -0.019080983, -0.006480632, 0.024698721, -0.010496542, 0.02094534, 0.04750176, -0.045163993, 0.05156975, 0.0110297445, -0.027277786, -0.046917252, -0.012226053, -0.040811174, 0.02921856, 0.04803519, 0.007905, 0.03785476, -0.025575653, 0.040811256, 0.016734825, 0.040914003, 0.014133228, -0.05284823, -0.037720542, 0.04127375, -0.012012931, 0.012044216, -0.015402587, 0.025508301, 0.009792069, -0.048683174, -0.02760399, -2.397629e-5, -0.043977, -0.048346862, -0.019925201, -0.029338079, 0.05300407, 0.050310645, -0.011341904, 0.025184475, -0.019706592, 0.03536115, 0.043640394, 0.024792572, -0.008169631, -0.04477754, 0.045711573, -0.031045284, 0.020848582, -0.047066238, 0.028444016, 0.036405392, -0.026767572, -0.010056067, -0.016549258, -0.008800209, 0.047616, 0.00037733023, 0.002168228, 0.022067575, 0.01791734, 0.030792689, 0.0024883628, 0.03840391, 0.045218214, -0.04367511, -0.04255197, -0.025956795, -0.018231643, -0.038597163, -0.018999847, 0.030620053, -0.052227505, -0.031852417, -0.04733671, 0.00046730533, 0.0010143947, 0.023338152, -0.041109566, -0.019454842, 0.035682354, -0.052589156, -0.006923882, -0.02202428, 0.02260293, 0.003247986, 0.042123236, -0.018970815, -0.032573737, -0.010031677, -0.033408858, 0.00092622766, 0.001184413, -0.02882143, -0.0025203237, 0.0033784474, -0.03040272, -0.020910736, 0.010907641, -0.048760977, 0.029949177, 0.004976245, 0.047705337, -0.02183018, -0.032165106, -0.022147704, 0.04017319, 0.009179136, 0.03133577, 0.015768876, -0.051419087, -0.029509272, 0.032447692, -0.023172965, 0.016362583, -0.015308332, 0.023682576, 0.019099649, -0.025548039, -0.026970377, 0.032782096, -0.00026623008, -0.019692501, -0.025134236, -0.051727477, 0.0017877431, -0.030954931, 0.02238135, -0.0066822097, -0.027007842, 0.047531117, -0.022771182, 0.035408564, 0.012234306, 0.009601757, -0.047203742, -0.028531913, 0.016138619, -0.01394517, 0.013170321, -0.043368187, -0.025183953, 0.04651552, -0.0065363413, 0.034190815, -0.0045105675, -0.02289034, -0.018993713, 0.0058032866, -0.021658657, 0.03405429, 0.018041385, 0.0018819539, -0.047611177, -0.018937744, 0.037913907, 0.052458018, -0.017761886, -0.041700438, 0.036534373, -0.049623355, -0.04695184, 0.011752062, 0.018087555, 0.050918788, 0.029426731, -0.045454487, -0.02504815, -0.0352464, -0.049314637, 0.007925977, 8.6611784e-5, -0.014324131, 0.03236716, 0.0017452147, 0.021238757, 0.05149432, -0.03309251, 0.032505482, 0.025771987, -0.03578915, -0.04522402, 0.039076194, 0.010007062, 0.018359814, 0.014787659, -0.029017601, -0.029471694, 0.033295218, 0.010236609, 0.051554292, 0.039255235, 0.049850017, 0.003258152, 0.019844396, -0.042702973, 0.011030275, 0.014098824, -0.02790983, -0.00927139, 0.0025905836, -0.04615798, -0.016360981, 0.005530491, -0.025248177, 0.041217964, -0.029427169, -0.04575469, 0.013243763, -0.05171568, -0.01776891, -0.048685335, -0.02774152, 0.015318179, -0.02734059, 0.03962752, 0.043750886, -0.016162463, 0.035727732, -0.0062485565, 0.03738119, 0.012645851, -0.018281816, 0.0011082009, -0.013061161, -0.04074191, 0.003829107, -0.042103417, 0.026388725, -0.05150617, 0.046009157, -0.03590943, -0.048657406, -0.024935585, -0.036082197, 0.006313038, 0.0075296364, 0.018389944, 0.010127819, -0.034923613, 0.043195773, -0.005804529, -0.003676313, -0.03121151, 0.004969234, -0.050510753, -0.013786045, 0.029102065, 0.013748413, -0.019937227, -0.032442845, -0.007398293, 0.039271537, -0.03650858, 0.015888633, -0.017214581, 0.00507607, 0.027353764, 0.0461577, 0.029150732, 0.029604197, -0.014032294, -0.049109746, 0.013615618, -0.036250565, -0.013057495, 0.0013746491, -0.049902257, -0.0031481832, -0.016741378, 0.02044299, 0.01023853, 0.044914708, 0.017749535, 0.0018489655, 0.0031930287, -0.02957695, -0.048114765, -0.026606368, -0.052206293, -0.038510323, 0.0022890356, 0.050585978, -0.021719033, 0.033415597, -0.028943311, 0.011085259, -0.024038142, -0.0041869367, 0.03742089, 0.030041518, 0.008348421, -0.04294537, 0.051175505, -0.048428144, 0.038684025, -0.0028164033, 0.024251128, -0.046716977, 0.031081947, -0.043083318, 0.04289432, 0.015907733, -0.015312536, 0.039292306, 0.02618061, 0.016996196, 0.037355945, -0.025613667, 0.050623454, 0.0032935047, 0.029724563, -0.031942185, -0.010174668, -0.020007376, -0.031962372, -0.036236256, 0.045671396, 0.04173913, -0.03393784, -0.031904373, -0.009571914, 0.014530587, -0.0416704, -0.03957069, 0.0047456683, -0.01590912, 0.016861374, 0.024089158, -0.048465323, -0.03794351, -0.03820163, -0.025235483, -0.019962009, 0.04897459, 0.018413361, -0.0038476905, -0.033763535, 0.03566196, -0.020582888, -0.039662972, -0.03408431, 0.039519716, -0.052744202, 0.01921804, 0.04563654, 0.020371035, -0.052660767, -0.0056738523, -0.02236893, -0.047242813, -0.007076369, 0.028586762, -0.032421824, -0.017979098, -0.028448878, -0.029535824, 0.0011364478, -0.03878009, -0.012520204, 0.046684597, -0.052495863, -0.048300993, -0.033546615, 0.02999184, 0.045998797, -0.0046675815, -0.043086685, 0.00759371, 0.011823444, -0.015712626, -0.041572895, 0.052273322, -0.028461795, 0.0019709808, -0.003176588, 0.032342788, -0.0016244925, -0.026940936, 0.014017143, 0.027176475, -0.030464714, 0.02590803, 0.052310336, -0.0049915034, 0.006283874, -0.04012464, 0.020004906, 0.026767902, 0.026007306, -0.00616441, -0.016885387, -0.03171348, 0.023109287, -0.049202934, 0.006387069, -0.050412968, -0.044670865, 0.030440254, 0.018897666, -0.03251173, -0.037609283, 0.044967946, 0.012816906, 0.030195585, 0.042000607, 0.028974455, -0.043105077, 0.048707094, -0.023847325, 0.0087028975, 0.029331516, -0.009928558, 0.024521135, 0.02240674, -0.030216947, 0.03726855, 0.030017665, -0.03370792, -0.040610284, 0.050896574, 0.017849848, 0.017829522, 0.04622745, 0.00550715, 0.03539441, -0.043947462, -0.01744022, -0.031045234, -0.023009479, -0.037196454, -0.033071104, -0.05302762, 0.040536564, -0.0003843635, -0.009308424, -0.021712514, -0.04470488, -0.013123408, -0.049074564, -0.0053791003, 0.009481569, -0.0016428769, 0.00020047782, 0.02046907, -0.008764084, -0.012769576, 0.026037827, 0.010012815, 0.036491755, 0.009925615, -0.038388245, -0.031781454, -0.032856293, -0.019257665, -0.018187074, 0.0039040481, 0.012563898, -0.006659823, 0.025204439, -0.01677228, -0.022049408, 0.04621898, 0.043942258, -0.037148297, -0.036815733, 0.029260488, 0.0055483254, -0.00077578553, 0.0061380314, -0.0453078, 0.052558888, -0.02620601, -0.0031332886, 0.008652024, 0.014509629, 0.037336096, 0.009087561, 0.00447635, -0.0014733897, 0.015829448, -0.034424566, 0.022250244, -0.021558004, -0.0026042487, 0.047069274, -0.040155225, -0.015210233, -0.02181086, 0.02247981, 0.03872572, 0.009084039, -0.027068501, -0.03204935, -0.029026706, -0.044256914, -0.0074151917, 0.00024513662, 0.02237645, 0.00043573944, 0.04060777, 0.01714979, -0.04345834, 0.024438994, 0.023278465, -0.048419632, 0.03924543, -0.046947323, -0.010737689, -0.048587218, -0.0024755702, -0.04049771, 0.04208461, 0.02373312, -0.003183334, -0.012894329, 0.006785932, 0.040654678, 0.033406146, 0.04401077, 0.04158317, -0.030669674, -0.0013057358, 0.038347702, 0.031410445, -0.029720694, -0.0290833, -0.024773514, -0.04576288, 0.03066296, -0.0031918054, -0.021152781, -0.05298793, -0.004434141, -0.019644085, -0.049593437, 0.047347985, -0.0138070965, -0.030718442, -0.027433522, -0.011269447, 0.049407013, -0.0024243174, -0.006045019, 0.039580427, -0.04527392, 0.0040590833, -0.005773519, -0.046087697, -0.0036404417, 0.024456795, 0.0052481554, 0.04946609, 0.008224604, 0.02826251, -0.020237137, -0.021882582, 0.0066997563, 0.038544703, 0.020908955, -0.027364846, 0.04239017, -0.050531406, -0.038328268, -0.043753907, 0.04472045, -0.035594888, 0.026485428, -0.00046596822, 0.05121344, 0.002347293, -1.7154822e-5, -0.048695445, 0.015792476, 0.004795125, 0.003947847, 0.0064710253, 0.042014413, 0.010891166, -0.0079140505, -0.044536784, 0.0036137975, 0.03827473, -0.012432998, 0.0018507736, -0.005215126, -0.03850588, -0.040062062, -0.04713697, 0.031434577, 0.010333228, 0.026127929, -0.019958645, -0.036623597, -0.0019639474, -0.045977503, -0.014781498, -0.028221602, -0.03119461, 0.0011435536, 0.030890275, -0.01571982, -0.04006968, 0.015881453, 0.05296741, -0.03357573, -0.031366445, -0.023111453, 0.008583752, 0.018706664, -0.042572636, -0.05183043, -7.645544e-5, 0.045163434, 0.044413492, -0.011116581, -0.052393034, -0.006901647, -0.049779736, 0.03648508, 0.017694712, -0.026923297, 0.036106434, -0.032333292, -0.0061039967, -0.037037715, -0.04841457, 0.0059913667, -0.016117817, -0.028169602, -0.025038375, 0.052869152, -0.052262567, 0.047329, -0.04845745, -0.05242137, 0.04585097, -0.033774998, -0.04458808, -0.005482725, 0.049953446, -0.0056915665, -0.013854746, -0.020593839, 0.037232045, 0.043140627, 0.01488744, -0.033648532, -0.012784825, -0.027104277, 0.03880807, -0.0266734, 0.026964927, 0.04742444, -0.0045590512, 0.008007499, 0.030681888, 0.020454548, -0.0055026202, 0.038781196, -0.03023642, 0.024263874, -0.038340602, -0.037848357, -0.0017921969, -0.04387281, 0.018650835, 0.0259838, -0.01598697, -0.043049596, -0.018894698, -0.018577794, -0.040825903, 0.002859586, -0.008661264, -0.026354633, -0.031936318, 0.021208981, 0.020420035, 0.017501036, 0.032552462, 0.028046904, -0.013997245, 0.01323086, -0.048267122, -0.031156596, 0.04304347, 0.036096226, -0.031157235, 0.04280578, -0.008920997, -0.019683238, 0.025898997, -0.05153778, 0.0060815127, -0.01321129, 0.035320036, 0.035342045, 0.0003997102, -0.036952954, -0.034252696, 0.018810801, -0.008314936, 0.052615963, 0.031429164, -0.020928634, -0.00981968, -0.036017362, -0.0053725066, -0.028485723, -0.036183726, 0.010492771, -0.051412944, -0.024171125, -0.03609018, -0.051859707, 0.006943199, 0.018671377, 0.050101914, 0.008039135, 0.0149595365, -0.022624765, 0.0017506453, 0.011601079, 0.018663157, -0.023749314, -0.03303841, -0.021832481, -0.05229285, 0.024340622, -0.03627315, 0.050085872, 0.039093535, 0.016658416, -0.049346853, -0.011495359, -0.036463078, 0.017985012, 0.02853764, -0.03503449, 0.035904586, 0.005492521, -0.017947052, 0.016443834, 0.04694452, 0.040821012, 0.01580464, 0.044430047, 0.04088434, -0.028884776, -0.01582211, -0.03501115, 0.02589727, 0.009890212, 0.02455217, 0.051182516, 0.020911694, -0.041063406, 0.032945056, 0.012814738, 0.0061618653, -0.01816001, 0.0008418412, -0.013290088, -0.016857084, 0.03981934, -0.010734819, 0.029009972, 0.023481376, 0.036185347, -0.030631945, -0.046598207, 0.035580143, -0.048641156, 0.03813252, -0.04590557, -0.007025913, 0.046834182, -0.024596471, -0.017999025, 0.01202987, -0.002808349, 0.042414155, -0.033277776, 0.045928665, 0.0009531089, -0.032150086, -0.010837172, 0.045198195, 0.03887582, -0.03493739, 0.031382408, -0.0040167603, -0.04548205, 0.035588033, 0.0034093559, 0.0036007236, -0.03797177, 0.030196477, 0.045674086, -0.043774486, 0.05055847, 0.045445226, 0.048833106, -0.042043634, 0.03654482, 0.006704833, 0.006397405, 0.034513757, -0.031704064, -0.0038479813, -0.0035170042, -0.049066603, -0.007541133, 0.011792378, 0.027007436, 0.0516759, -0.035278883, -0.018774264, -0.021393454, -0.012359782, -0.026430063, -0.048250172, -0.023824861, -0.044333074, 0.007576786, 0.039521355, -0.03343097, 0.03662047, -0.031597856, 0.043579463, -0.018410727, -0.030606315, 0.020583529, -0.025961189, -0.027028263, -0.0076580965, 0.036074914, -0.03812722, -0.03749278, -0.028153367, -0.013065454, 0.00315717, -0.01284197, 0.04458979, 0.006403835, -0.029787637, -0.027395755, -0.04434753, -0.0033859105, 0.01607832, 0.050663486, 0.018821202, 0.035350636, -0.0035451308, -0.0015855867, -0.022292042, 0.03900544, -0.05014904, 0.046295203, -0.014408973, -0.019438595, 0.014980639, -0.0044780155, 0.00088288385, -0.040248893, 0.04214643, -0.025594296, -0.052641902, 0.027443979, 0.02094218, 0.028920831, -0.011897345, 0.019556776, -0.047414146, -0.022975402, 0.013647475, -0.026660364, 0.033142455, 0.03162573, -0.045629058, 0.047030564, -0.050015908, -0.024196673, -0.0030712127, 0.028848361, 0.041018303, 0.03349647, 0.008050476, 0.041600056, 0.04309416, 0.031893652, -0.05054228, -0.009057477, 0.030262005, 0.022272492, -0.02260244, -0.009752692, -0.027987016, -0.021811245, 0.015500847, 0.018842096, -0.0031148726, 0.006362666, -0.029892564, -0.029731328, 0.018779755, 0.016573727, -0.005930609, -0.017353868, -0.038182974, 0.0048685116, 0.040237755, 0.0045643775, -0.052740254, 0.002201779, 0.036297213, -0.04202953, 0.041881368, 0.047758576, -0.002139725, 0.05261897, 0.023663463, 0.05251114, -0.022359429, 0.026798354, 0.0022439659, 0.035376903, 0.029328836, -0.026458986, -0.015004609, -0.03510296, -0.037791558, -0.049992207, -0.027508065, 0.013387273, -0.0005894564, 0.002906584, -0.040815443, -0.016138913, 0.026781349, -0.026333999, 0.042736743, -0.033705443, -0.020797856, -0.031362522, -0.043191798, 0.047894165, -0.026781293, 0.05138436, 0.0077223633, 0.01688627, 0.048789, -0.014602585, 0.04020739, 0.05008522, 0.016735893, -0.035942808, 0.029836318, -0.020362217, -0.0058984803, 0.03309926, -0.023344578, -0.015675863, 0.049250625, -0.0077221766, -0.04306974, 0.028888943, 0.009284385, -0.02610442, 0.041838236, 0.010793225, -0.018116064, 0.030043522, 0.021100754, 0.010510902, 0.008713948, 0.00853334, 0.00795354, 0.030956903, -0.043431792, -0.011705326, 0.015669841, 0.001964741, -0.025498701, 0.038026866, -0.024802355, 0.0002769238, -0.010047576, 0.02493689, -0.025077168, 0.04962511, 0.048884373, -0.051393624, -0.03708029, -0.011257822, 0.03489844, -0.0023920878, 0.021563254, -0.035731368, -0.02772378, -0.043156948, -0.026459428, -0.0426314, -0.008947904, -0.008443571, 0.044891845, -0.012299591, -0.047514293, 0.008311007, -0.015416843, -0.052124754, 0.0206823, -0.03186087, -0.03151282, 0.007573884, -0.0008388161, 0.0002787319, 0.00928343, 0.0032577536, -0.028569642, 0.050170917, 0.006582609, 0.007219073, -0.027633298, -0.046074647, 0.02885792, -0.007907836, 0.0013623717, -0.049975023, 0.026166158, 0.020126106, 0.016306918, -0.03788228, 0.022543656, 0.005930701, 0.0053998334, 0.01059771, 0.045013223, -0.05218204, -0.04498811, 0.044916496, -0.03539979, 0.05294767, -0.05281958, 0.050281223, 0.021808682, 0.038547687, 0.012277751, 0.015985442, 0.0037397766, -0.030042307, -0.027629487, -0.04718589, -0.0035109413, 0.024415545, 0.04513556, 0.023446852, -0.017038386, 0.046678826, 0.009230357, 0.036034945, -0.005170126, 0.0040675043, -0.033007845, -0.017990623, -0.03188748, -0.008082273, 0.052294385, -0.040504478, 0.030623397, 0.040183872, -0.0120894965, 0.008092537, -0.031927086, 0.017561607, -0.043291084, 0.043598574, 0.005181749, -0.0014115097, 0.022643423, 0.023978142, -0.029263718, 0.047881275, 0.013880499, -0.016446253, -0.036819194, 0.0075993873, -0.04540337, 0.038166024, -0.036227133, -0.013600341, 0.021261662, 0.034741927, 0.011357928, 0.008947358, -0.008997747, -0.02526091, 0.038515218, -0.0076822913, -0.014105724, 0.032898266, -0.020958133, -0.014079399, 0.029124336, -0.02740312, 0.045065787, -0.052359495, -6.472176e-5, -0.03451586, -0.05229307, -0.043569904, 0.0051695537, -0.009086395, 0.024937859, -0.042969923, -0.03620141, -0.017034523, 0.02923568, -0.029867813, -0.032553397, -0.04562369, 0.031045374, 0.026745124, -0.013727306, -0.04562139, 0.042660873, 0.050364662, -0.04543482, 0.017883595, 0.012595471, -0.027445896, 0.0039238553, -0.030247299, 0.0440807, 0.015521413, 0.003842952, -0.012987086, 0.0070957807, -0.029501414, 0.014681753, -0.05195306, 0.017984658, 0.007814462, -0.033819776, -0.014966512, 0.024270024, -0.022054251, -0.03443828, 0.049927786, -0.034311883, 0.040213298, -0.021149544, 0.015878752, 0.023476098, -0.0140903555, 0.033685926, -0.0058228564, 0.033583958, 0.032927945, 0.05198998, -0.023871316, 0.022231277, -0.047341038, 0.015820842, -0.034803726, -0.018042628, 0.009571411, -0.03648597, 0.013544527, -0.048794422, 0.040383685, 0.0012457429, -0.04106913, -0.010018609, 0.043334626, 0.008190554, -0.0331712, 0.022220872, 0.0072634155, 0.043758497, 0.0013016865, 0.007072958, -0.03253217, -0.04426381, 0.021007568, -0.040651403, 0.03971143, 0.0425853, -0.034964442, 0.01623501, -0.03286382, -0.042759027, -0.003285365, -0.0121744145, 0.00042679376, -0.028927227, -0.027506473, 0.023463655, -0.016310785, 0.0006518769, 0.00319643, -0.0046197935, -0.010284064, 0.017987262, 0.047759235, 0.011112962, -0.03303414, 0.012530487, -0.009996703, 0.028269839, 0.04381734, -0.011957417, 0.0018776422, 0.008822909, 0.009203994, -0.0048066536, 0.038081042, -0.00788397, 0.022372214, -0.042849395, 0.05027304, -0.02528962, 0.0040308177, 0.025730476, 0.045653626, -0.021195821, 0.018507807, 0.0073463605, -0.013947339, -0.004761451, -0.0017636087, 0.012446726, -0.030957276, -0.031677753, 0.031995814, -0.00962995, 0.005723022, -0.023474034, 0.05091478, 0.031135071, -0.024320168, -0.012317975, 0.04497624, -0.044835992, -0.041864183, 0.015822183, 0.0037800036, 0.003061461, 0.0046769097, 0.009828863, -0.0047613624, 0.0090806885, -0.021873245, 0.02187557, -0.008290932, 0.008712886, -0.048949767, -0.005660241, 0.01626161, -0.006429196, -0.006160598, 0.01820378, -0.014384279, -0.04794685, 0.0037288459, -0.04414712, -0.04104584, 0.017581938, -0.036007844, 0.043076877, -0.03513848, -0.05140842, 0.020373892, 0.027709195, 0.003775711, 0.04653384, -0.026443832, 0.02799411, -0.036521103, 0.03708109, -0.036285195, 0.0044876346, -0.025451386, -0.025514841, -0.02204851, 0.048058767, 0.05105222, -0.028732117, 0.018125424, 0.02067846, 0.013743829, 0.03448884, -0.01885817, -0.033674728, 0.0024173853, -0.017428108, -0.031464662, 0.019166473, 0.044266433, 0.048260923, -0.044515718, 0.016376214, 0.028447462, -0.04748467, 0.037358284, -0.044657275, -0.052542645, -0.0392123, 0.014933761, 0.045388233, -0.022339558, 0.018421719, 0.002984642, 0.0, 0.0, 0.0, 0.0, 0.0, 0.0, 0.0, 0.0, 0.0, 0.0, 0.0, 0.0, 0.0, 0.0, 0.0, 0.0, 0.0, 0.0, 0.0, 0.0, 0.0, 0.0, 0.0, 0.0, 0.0, 0.0, 0.0, 0.0, 0.0, 0.0, 0.0, 0.0, 0.0, 0.0, 0.0, 0.0, 0.0, 0.0, 0.0, 0.0, 0.0, 0.0, 0.0, 0.0, 0.0, 0.0, 0.0, 0.0, 0.0, 0.0, 0.0, 0.0, 0.0, 0.0, 0.0, 0.0, 0.0, 0.0, 0.0, 0.0, 0.0, 0.0, 0.0, 0.0, 0.0, 0.0, 0.0, 0.0, 0.0, 0.0, 0.0, 0.0, 0.0, 0.0, 0.0, 0.0, 0.0, 0.0, 0.0, 0.0, 0.0, 0.0, 0.0, 0.0, 0.0, 0.0, 0.0, 0.0, 0.0, 0.0, 0.0, 0.0, 0.0, 0.0, 0.0, 0.0, 0.0, 0.0, 0.0, 0.0, 0.0, 0.0, 0.0, 0.0, 0.0, 0.0, 0.0, 0.0, 0.0, 0.0, 0.0, 0.0, 0.0, 0.0, 0.0, 0.0, 0.0, 0.0, 0.0, 0.0, 0.0, 0.0, 0.0, 0.0, 0.0, 0.0, 0.0, 0.0, 0.0, 0.0, 0.0, 0.0, 0.0, 0.0, 0.0, 0.0, 0.0, 0.0, 0.0, 0.0, 0.0, 0.0, 0.0, 0.0, 0.0, 0.0, 0.0, 0.0, 0.0, 0.0, 0.0, 0.0, 0.0, 0.0, 0.0, 0.0, 0.0, 0.0, 0.0, 0.0, 0.0, 0.0, 0.0, 0.0, 0.0, 0.0, 0.0, 0.0, 0.0, 0.0, 0.0, 0.0, 0.0, 0.0, 0.0, 0.0, 0.0, 0.0, 0.0, 0.0, 0.0, 0.0, 0.0, 0.0, 0.0, 0.0, 0.0, 0.0, 0.0, 0.0, 0.0, 0.0, 0.0, 0.0, 0.0, 0.0, 0.0, 0.0, 0.0, 0.0, 0.0, 0.0, 0.0, 0.0, 0.0, 0.0, 0.0, 0.0, 0.0, 0.0, 0.0, 0.0, 0.0, 0.0, 0.0, 0.0, 0.0, 0.0, 0.0, 0.0, 0.0, 0.0, 0.0, 0.0, 0.0, 0.0, 0.0, 0.0, 0.0, 0.0, 0.0, 0.0, 0.0, 0.0, 0.0, 0.0, 0.0, 0.0, 0.0, 0.0, 0.0, 0.0, 0.0, 0.0, 0.0, 0.0, 0.0, 0.0, 0.0, 0.0, 0.0, 0.0, 0.0, 0.0, 0.0, 0.0], first_moment: [0.0, 0.0, 0.0, 0.0, 0.0, 0.0, 0.0, 0.0, 0.0, 0.0, 0.0, 0.0, 0.0, 0.0, 0.0, 0.0, 0.0, 0.0, 0.0, 0.0, 0.0, 0.0, 0.0, 0.0, 0.0, 0.0, 0.0, 0.0, 0.0, 0.0, 0.0, 0.0, 0.0, 0.0, 0.0, 0.0, 0.0, 0.0, 0.0, 0.0, 0.0, 0.0, 0.0, 0.0, 0.0, 0.0, 0.0, 0.0, 0.0, 0.0, 0.0, 0.0, 0.0, 0.0, 0.0, 0.0, 0.0, 0.0, 0.0, 0.0, 0.0, 0.0, 0.0, 0.0, 0.0, 0.0, 0.0, 0.0, 0.0, 0.0, 0.0, 0.0, 0.0, 0.0, 0.0, 0.0, 0.0, 0.0, 0.0, 0.0, 0.0, 0.0, 0.0, 0.0, 0.0, 0.0, 0.0, 0.0, 0.0, 0.0, 0.0, 0.0, 0.0, 0.0, 0.0, 0.0, 0.0, 0.0, 0.0, 0.0, 0.0, 0.0, 0.0, 0.0, 0.0, 0.0, 0.0, 0.0, 0.0, 0.0, 0.0, 0.0, 0.0, 0.0, 0.0, 0.0, 0.0, 0.0, 0.0, 0.0, 0.0, 0.0, 0.0, 0.0, 0.0, 0.0, 0.0, 0.0, 0.0, 0.0, 0.0, 0.0, 0.0, 0.0, 0.0, 0.0, 0.0, 0.0, 0.0, 0.0, 0.0, 0.0, 0.0, 0.0, 0.0, 0.0, 0.0, 0.0, 0.0, 0.0, 0.0, 0.0, 0.0, 0.0, 0.0, 0.0, 0.0, 0.0, 0.0, 0.0, 0.0, 0.0, 0.0, 0.0, 0.0, 0.0, 0.0, 0.0, 0.0, 0.0, 0.0, 0.0, 0.0, 0.0, 0.0, 0.0, 0.0, 0.0, 0.0, 0.0, 0.0, 0.0, 0.0, 0.0, 0.0, 0.0, 0.0, 0.0, 0.0, 0.0, 0.0, 0.0, 0.0, 0.0, 0.0, 0.0, 0.0, 0.0, 0.0, 0.0, 0.0, 0.0, 0.0, 0.0, 0.0, 0.0, 0.0, 0.0, 0.0, 0.0, 0.0, 0.0, 0.0, 0.0, 0.0, 0.0, 0.0, 0.0, 0.0, 0.0, 0.0, 0.0, 0.0, 0.0, 0.0, 0.0, 0.0, 0.0, 0.0, 0.0, 0.0, 0.0, 0.0, 0.0, 0.0, 0.0, 0.0, 0.0, 0.0, 0.0, 0.0, 0.0, 0.0, 0.0, 0.0, 0.0, 0.0, 0.0, 0.0, 0.0, 0.0, 0.0, 0.0, 0.0, 0.0, 0.0, 0.0, 0.0, 0.0, 0.0, 0.0, 0.0, 0.0, 0.0, 0.0, 0.0, 0.0, 0.0, 0.0, 0.0, 0.0, 0.0, 0.0, 0.0, 0.0, 0.0, 0.0, 0.0, 0.0, 0.0, 0.0, 0.0, 0.0, 0.0, 0.0, 0.0, 0.0, 0.0, 0.0, 0.0, 0.0, 0.0, 0.0, 0.0, 0.0, 0.0, 0.0, 0.0, 0.0, 0.0, 0.0, 0.0, 0.0, 0.0, 0.0, 0.0, 0.0, 0.0, 0.0, 0.0, 0.0, 0.0, 0.0, 0.0, 0.0, 0.0, 0.0, 0.0, 0.0, 0.0, 0.0, 0.0, 0.0, 0.0, 0.0, 0.0, 0.0, 0.0, 0.0, 0.0, 0.0, 0.0, 0.0, 0.0, 0.0, 0.0, 0.0, 0.0, 0.0, 0.0, 0.0, 0.0, 0.0, 0.0, 0.0, 0.0, 0.0, 0.0, 0.0, 0.0, 0.0, 0.0, 0.0, 0.0, 0.0, 0.0, 0.0, 0.0, 0.0, 0.0, 0.0, 0.0, 0.0, 0.0, 0.0, 0.0, 0.0, 0.0, 0.0, 0.0, 0.0, 0.0, 0.0, 0.0, 0.0, 0.0, 0.0, 0.0, 0.0, 0.0, 0.0, 0.0, 0.0, 0.0, 0.0, 0.0, 0.0, 0.0, 0.0, 0.0, 0.0, 0.0, 0.0, 0.0, 0.0, 0.0, 0.0, 0.0, 0.0, 0.0, 0.0, 0.0, 0.0, 0.0, 0.0, 0.0, 0.0, 0.0, 0.0, 0.0, 0.0, 0.0, 0.0, 0.0, 0.0, 0.0, 0.0, 0.0, 0.0, 0.0, 0.0, 0.0, 0.0, 0.0, 0.0, 0.0, 0.0, 0.0, 0.0, 0.0, 0.0, 0.0, 0.0, 0.0, 0.0, 0.0, 0.0, 0.0, 0.0, 0.0, 0.0, 0.0, 0.0, 0.0, 0.0, 0.0, 0.0, 0.0, 0.0, 0.0, 0.0, 0.0, 0.0, 0.0, 0.0, 0.0, 0.0, 0.0, 0.0, 0.0, 0.0, 0.0, 0.0, 0.0, 0.0, 0.0, 0.0, 0.0, 0.0, 0.0, 0.0, 0.0, 0.0, 0.0, 0.0, 0.0, 0.0, 0.0, 0.0, 0.0, 0.0, 0.0, 0.0, 0.0, 0.0, 0.0, 0.0, 0.0, 0.0, 0.0, 0.0, 0.0, 0.0, 0.0, 0.0, 0.0, 0.0, 0.0, 0.0, 0.0, 0.0, 0.0, 0.0, 0.0, 0.0, 0.0, 0.0, 0.0, 0.0, 0.0, 0.0, 0.0, 0.0, 0.0, 0.0, 0.0, 0.0, 0.0, 0.0, 0.0, 0.0, 0.0, 0.0, 0.0, 0.0, 0.0, 0.0, 0.0, 0.0, 0.0, 0.0, 0.0, 0.0, 0.0, 0.0, 0.0, 0.0, 0.0, 0.0, 0.0, 0.0, 0.0, 0.0, 0.0, 0.0, 0.0, 0.0, 0.0, 0.0, 0.0, 0.0, 0.0, 0.0, 0.0, 0.0, 0.0, 0.0, 0.0, 0.0, 0.0, 0.0, 0.0, 0.0, 0.0, 0.0, 0.0, 0.0, 0.0, 0.0, 0.0, 0.0, 0.0, 0.0, 0.0, 0.0, 0.0, 0.0, 0.0, 0.0, 0.0, 0.0, 0.0, 0.0, 0.0, 0.0, 0.0, 0.0, 0.0, 0.0, 0.0, 0.0, 0.0, 0.0, 0.0, 0.0, 0.0, 0.0, 0.0, 0.0, 0.0, 0.0, 0.0, 0.0, 0.0, 0.0, 0.0, 0.0, 0.0, 0.0, 0.0, 0.0, 0.0, 0.0, 0.0, 0.0, 0.0, 0.0, 0.0, 0.0, 0.0, 0.0, 0.0, 0.0, 0.0, 0.0, 0.0, 0.0, 0.0, 0.0, 0.0, 0.0, 0.0, 0.0, 0.0, 0.0, 0.0, 0.0, 0.0, 0.0, 0.0, 0.0, 0.0, 0.0, 0.0, 0.0, 0.0, 0.0, 0.0, 0.0, 0.0, 0.0, 0.0, 0.0, 0.0, 0.0, 0.0, 0.0, 0.0, 0.0, 0.0, 0.0, 0.0, 0.0, 0.0, 0.0, 0.0, 0.0, 0.0, 0.0, 0.0, 0.0, 0.0, 0.0, 0.0, 0.0, 0.0, 0.0, 0.0, 0.0, 0.0, 0.0, 0.0, 0.0, 0.0, 0.0, 0.0, 0.0, 0.0, 0.0, 0.0, 0.0, 0.0, 0.0, 0.0, 0.0, 0.0, 0.0, 0.0, 0.0, 0.0, 0.0, 0.0, 0.0, 0.0, 0.0, 0.0, 0.0, 0.0, 0.0, 0.0, 0.0, 0.0, 0.0, 0.0, 0.0, 0.0, 0.0, 0.0, 0.0, 0.0, 0.0, 0.0, 0.0, 0.0, 0.0, 0.0, 0.0, 0.0, 0.0, 0.0, 0.0, 0.0, 0.0, 0.0, 0.0, 0.0, 0.0, 0.0, 0.0, 0.0, 0.0, 0.0, 0.0, 0.0, 0.0, 0.0, 0.0, 0.0, 0.0, 0.0, 0.0, 0.0, 0.0, 0.0, 0.0, 0.0, 0.0, 0.0, 0.0, 0.0, 0.0, 0.0, 0.0, 0.0, 0.0, 0.0, 0.0, 0.0, 0.0, 0.0, 0.0, 0.0, 0.0, 0.0, 0.0, 0.0, 0.0, 0.0, 0.0, 0.0, 0.0, 0.0, 0.0, 0.0, 0.0, 0.0, 0.0, 0.0, 0.0, 0.0, 0.0, 0.0, 0.0, 0.0, 0.0, 0.0, 0.0, 0.0, 0.0, 0.0, 0.0, 0.0, 0.0, 0.0, 0.0, 0.0, 0.0, 0.0, 0.0, 0.0, 0.0, 0.0, 0.0, 0.0, 0.0, 0.0, 0.0, 0.0, 0.0, 0.0, 0.0, 0.0, 0.0, 0.0, 0.0, 0.0, 0.0, 0.0, 0.0, 0.0, 0.0, 0.0, 0.0, 0.0, 0.0, 0.0, 0.0, 0.0, 0.0, 0.0, 0.0, 0.0, 0.0, 0.0, 0.0, 0.0, 0.0, 0.0, 0.0, 0.0, 0.0, 0.0, 0.0, 0.0, 0.0, 0.0, 0.0, 0.0, 0.0, 0.0, 0.0, 0.0, 0.0, 0.0, 0.0, 0.0, 0.0, 0.0, 0.0, 0.0, 0.0, 0.0, 0.0, 0.0, 0.0, 0.0, 0.0, 0.0, 0.0, 0.0, 0.0, 0.0, 0.0, 0.0, 0.0, 0.0, 0.0, 0.0, 0.0, 0.0, 0.0, 0.0, 0.0, 0.0, 0.0, 0.0, 0.0, 0.0, 0.0, 0.0, 0.0, 0.0, 0.0, 0.0, 0.0, 0.0, 0.0, 0.0, 0.0, 0.0, 0.0, 0.0, 0.0, 0.0, 0.0, 0.0, 0.0, 0.0, 0.0, 0.0, 0.0, 0.0, 0.0, 0.0, 0.0, 0.0, 0.0, 0.0, 0.0, 0.0, 0.0, 0.0, 0.0, 0.0, 0.0, 0.0, 0.0, 0.0, 0.0, 0.0, 0.0, 0.0, 0.0, 0.0, 0.0, 0.0, 0.0, 0.0, 0.0, 0.0, 0.0, 0.0, 0.0, 0.0, 0.0, 0.0, 0.0, 0.0, 0.0, 0.0, 0.0, 0.0, 0.0, 0.0, 0.0, 0.0, 0.0, 0.0, 0.0, 0.0, 0.0, 0.0, 0.0, 0.0, 0.0, 0.0, 0.0, 0.0, 0.0, 0.0, 0.0, 0.0, 0.0, 0.0, 0.0, 0.0, 0.0, 0.0, 0.0, 0.0, 0.0, 0.0, 0.0, 0.0, 0.0, 0.0, 0.0, 0.0, 0.0, 0.0, 0.0, 0.0, 0.0, 0.0, 0.0, 0.0, 0.0, 0.0, 0.0, 0.0, 0.0, 0.0, 0.0, 0.0, 0.0, 0.0, 0.0, 0.0, 0.0, 0.0, 0.0, 0.0, 0.0, 0.0, 0.0, 0.0, 0.0, 0.0, 0.0, 0.0, 0.0, 0.0, 0.0, 0.0, 0.0, 0.0, 0.0, 0.0, 0.0, 0.0, 0.0, 0.0, 0.0, 0.0, 0.0, 0.0, 0.0, 0.0, 0.0, 0.0, 0.0, 0.0, 0.0, 0.0, 0.0, 0.0, 0.0, 0.0, 0.0, 0.0, 0.0, 0.0, 0.0, 0.0, 0.0, 0.0, 0.0, 0.0, 0.0, 0.0, 0.0, 0.0, 0.0, 0.0, 0.0, 0.0, 0.0, 0.0, 0.0, 0.0, 0.0, 0.0, 0.0, 0.0, 0.0, 0.0, 0.0, 0.0, 0.0, 0.0, 0.0, 0.0, 0.0, 0.0, 0.0, 0.0, 0.0, 0.0, 0.0, 0.0, 0.0, 0.0, 0.0, 0.0, 0.0, 0.0, 0.0, 0.0, 0.0, 0.0, 0.0, 0.0, 0.0, 0.0, 0.0, 0.0, 0.0, 0.0, 0.0, 0.0, 0.0, 0.0, 0.0, 0.0, 0.0, 0.0, 0.0, 0.0, 0.0, 0.0, 0.0, 0.0, 0.0, 0.0, 0.0, 0.0, 0.0, 0.0, 0.0, 0.0, 0.0, 0.0, 0.0, 0.0, 0.0, 0.0, 0.0, 0.0, 0.0, 0.0, 0.0, 0.0, 0.0, 0.0, 0.0, 0.0, 0.0, 0.0, 0.0, 0.0, 0.0, 0.0, 0.0, 0.0, 0.0, 0.0, 0.0, 0.0, 0.0, 0.0, 0.0, 0.0, 0.0, 0.0, 0.0, 0.0, 0.0, 0.0, 0.0, 0.0, 0.0, 0.0, 0.0, 0.0, 0.0, 0.0, 0.0, 0.0, 0.0, 0.0, 0.0, 0.0, 0.0, 0.0, 0.0, 0.0, 0.0, 0.0, 0.0, 0.0, 0.0, 0.0, 0.0, 0.0, 0.0, 0.0, 0.0, 0.0, 0.0, 0.0, 0.0, 0.0, 0.0, 0.0, 0.0, 0.0, 0.0, 0.0, 0.0, 0.0, 0.0, 0.0, 0.0, 0.0, 0.0, 0.0, 0.0, 0.0, 0.0, 0.0, 0.0, 0.0, 0.0, 0.0, 0.0, 0.0, 0.0, 0.0, 0.0, 0.0, 0.0, 0.0, 0.0, 0.0, 0.0, 0.0, 0.0, 0.0, 0.0, 0.0, 0.0, 0.0, 0.0, 0.0, 0.0, 0.0, 0.0, 0.0, 0.0, 0.0, 0.0, 0.0, 0.0, 0.0, 0.0, 0.0, 0.0, 0.0, 0.0, 0.0, 0.0, 0.0, 0.0, 0.0, 0.0, 0.0, 0.0, 0.0, 0.0, 0.0, 0.0, 0.0, 0.0, 0.0, 0.0, 0.0, 0.0, 0.0, 0.0, 0.0, 0.0, 0.0, 0.0, 0.0, 0.0, 0.0, 0.0, 0.0, 0.0, 0.0, 0.0, 0.0, 0.0, 0.0, 0.0, 0.0, 0.0, 0.0, 0.0, 0.0, 0.0, 0.0, 0.0, 0.0, 0.0, 0.0, 0.0, 0.0, 0.0, 0.0, 0.0, 0.0, 0.0, 0.0, 0.0, 0.0, 0.0, 0.0, 0.0, 0.0, 0.0, 0.0, 0.0, 0.0, 0.0, 0.0, 0.0, 0.0, 0.0, 0.0, 0.0, 0.0, 0.0, 0.0, 0.0, 0.0, 0.0, 0.0, 0.0, 0.0, 0.0, 0.0, 0.0, 0.0, 0.0, 0.0, 0.0, 0.0, 0.0, 0.0, 0.0, 0.0, 0.0, 0.0, 0.0, 0.0, 0.0, 0.0, 0.0, 0.0, 0.0, 0.0, 0.0, 0.0, 0.0, 0.0, 0.0, 0.0, 0.0, 0.0, 0.0, 0.0, 0.0, 0.0, 0.0, 0.0, 0.0, 0.0, 0.0, 0.0, 0.0, 0.0, 0.0, 0.0, 0.0, 0.0, 0.0, 0.0, 0.0, 0.0, 0.0, 0.0, 0.0, 0.0, 0.0, 0.0, 0.0, 0.0, 0.0, 0.0, 0.0, 0.0, 0.0, 0.0, 0.0, 0.0, 0.0, 0.0, 0.0, 0.0, 0.0, 0.0, 0.0, 0.0, 0.0, 0.0, 0.0, 0.0, 0.0, 0.0, 0.0, 0.0, 0.0, 0.0, 0.0, 0.0, 0.0, 0.0, 0.0, 0.0, 0.0, 0.0, 0.0, 0.0, 0.0, 0.0, 0.0, 0.0, 0.0, 0.0, 0.0, 0.0, 0.0, 0.0, 0.0, 0.0, 0.0, 0.0, 0.0, 0.0, 0.0, 0.0, 0.0, 0.0, 0.0, 0.0, 0.0, 0.0, 0.0, 0.0, 0.0, 0.0, 0.0, 0.0, 0.0, 0.0, 0.0, 0.0, 0.0, 0.0, 0.0, 0.0, 0.0, 0.0, 0.0, 0.0, 0.0, 0.0, 0.0, 0.0, 0.0, 0.0, 0.0, 0.0, 0.0, 0.0, 0.0, 0.0, 0.0, 0.0, 0.0, 0.0, 0.0, 0.0, 0.0, 0.0, 0.0, 0.0, 0.0, 0.0, 0.0, 0.0, 0.0, 0.0, 0.0, 0.0, 0.0, 0.0, 0.0, 0.0, 0.0, 0.0, 0.0, 0.0, 0.0, 0.0, 0.0, 0.0, 0.0, 0.0, 0.0, 0.0, 0.0, 0.0, 0.0, 0.0, 0.0, 0.0, 0.0, 0.0, 0.0, 0.0, 0.0, 0.0, 0.0, 0.0, 0.0, 0.0, 0.0, 0.0, 0.0, 0.0, 0.0, 0.0, 0.0, 0.0, 0.0, 0.0, 0.0, 0.0, 0.0, 0.0, 0.0, 0.0, 0.0, 0.0, 0.0, 0.0, 0.0, 0.0, 0.0, 0.0, 0.0, 0.0, 0.0, 0.0, 0.0, 0.0, 0.0, 0.0, 0.0, 0.0, 0.0, 0.0, 0.0, 0.0, 0.0, 0.0, 0.0, 0.0, 0.0, 0.0, 0.0, 0.0, 0.0, 0.0, 0.0, 0.0, 0.0, 0.0, 0.0, 0.0, 0.0, 0.0, 0.0, 0.0, 0.0, 0.0, 0.0, 0.0, 0.0, 0.0, 0.0, 0.0, 0.0, 0.0, 0.0, 0.0, 0.0, 0.0, 0.0, 0.0, 0.0, 0.0, 0.0, 0.0, 0.0, 0.0, 0.0, 0.0, 0.0, 0.0, 0.0, 0.0, 0.0, 0.0, 0.0, 0.0, 0.0, 0.0, 0.0, 0.0, 0.0, 0.0, 0.0, 0.0, 0.0, 0.0, 0.0, 0.0, 0.0, 0.0, 0.0, 0.0, 0.0, 0.0, 0.0, 0.0, 0.0, 0.0, 0.0, 0.0, 0.0, 0.0, 0.0, 0.0, 0.0, 0.0, 0.0, 0.0, 0.0, 0.0, 0.0, 0.0, 0.0, 0.0, 0.0, 0.0, 0.0, 0.0, 0.0, 0.0, 0.0, 0.0, 0.0, 0.0, 0.0, 0.0, 0.0, 0.0, 0.0, 0.0, 0.0, 0.0, 0.0, 0.0, 0.0, 0.0, 0.0, 0.0, 0.0, 0.0, 0.0, 0.0, 0.0, 0.0, 0.0, 0.0, 0.0, 0.0, 0.0, 0.0, 0.0, 0.0, 0.0, 0.0, 0.0, 0.0, 0.0, 0.0, 0.0, 0.0, 0.0, 0.0, 0.0, 0.0, 0.0, 0.0, 0.0, 0.0, 0.0, 0.0, 0.0, 0.0, 0.0, 0.0, 0.0, 0.0, 0.0, 0.0, 0.0, 0.0, 0.0, 0.0, 0.0, 0.0, 0.0, 0.0, 0.0, 0.0, 0.0, 0.0, 0.0, 0.0, 0.0, 0.0, 0.0, 0.0, 0.0, 0.0, 0.0, 0.0, 0.0, 0.0, 0.0, 0.0, 0.0, 0.0, 0.0, 0.0, 0.0, 0.0, 0.0, 0.0, 0.0, 0.0, 0.0, 0.0, 0.0, 0.0, 0.0, 0.0, 0.0, 0.0, 0.0, 0.0, 0.0, 0.0, 0.0, 0.0, 0.0, 0.0, 0.0, 0.0, 0.0, 0.0, 0.0, 0.0, 0.0, 0.0, 0.0, 0.0, 0.0, 0.0, 0.0, 0.0, 0.0, 0.0, 0.0, 0.0, 0.0, 0.0, 0.0, 0.0, 0.0, 0.0, 0.0, 0.0, 0.0, 0.0, 0.0, 0.0, 0.0, 0.0, 0.0, 0.0, 0.0, 0.0, 0.0, 0.0, 0.0, 0.0, 0.0, 0.0, 0.0, 0.0, 0.0, 0.0, 0.0, 0.0, 0.0, 0.0, 0.0, 0.0, 0.0, 0.0, 0.0, 0.0, 0.0, 0.0, 0.0, 0.0, 0.0, 0.0, 0.0, 0.0, 0.0, 0.0, 0.0, 0.0, 0.0, 0.0, 0.0, 0.0, 0.0, 0.0, 0.0, 0.0, 0.0, 0.0, 0.0, 0.0, 0.0, 0.0, 0.0, 0.0, 0.0, 0.0, 0.0, 0.0, 0.0, 0.0, 0.0, 0.0, 0.0, 0.0, 0.0, 0.0, 0.0, 0.0, 0.0, 0.0, 0.0, 0.0, 0.0, 0.0, 0.0, 0.0, 0.0, 0.0, 0.0, 0.0, 0.0, 0.0, 0.0, 0.0, 0.0, 0.0, 0.0, 0.0, 0.0, 0.0, 0.0, 0.0, 0.0, 0.0, 0.0, 0.0, 0.0, 0.0, 0.0, 0.0, 0.0, 0.0, 0.0, 0.0, 0.0, 0.0, 0.0, 0.0, 0.0, 0.0, 0.0, 0.0, 0.0, 0.0, 0.0, 0.0, 0.0, 0.0, 0.0, 0.0, 0.0, 0.0, 0.0, 0.0, 0.0, 0.0, 0.0, 0.0, 0.0, 0.0, 0.0, 0.0, 0.0, 0.0, 0.0, 0.0, 0.0, 0.0, 0.0, 0.0, 0.0, 0.0, 0.0, 0.0, 0.0, 0.0, 0.0, 0.0, 0.0, 0.0, 0.0, 0.0, 0.0, 0.0, 0.0, 0.0, 0.0, 0.0, 0.0, 0.0, 0.0, 0.0, 0.0, 0.0, 0.0, 0.0, 0.0, 0.0, 0.0, 0.0, 0.0, 0.0, 0.0, 0.0, 0.0, 0.0, 0.0, 0.0, 0.0, 0.0, 0.0, 0.0, 0.0, 0.0, 0.0, 0.0, 0.0, 0.0, 0.0, 0.0, 0.0, 0.0, 0.0, 0.0, 0.0, 0.0, 0.0, 0.0, 0.0, 0.0, 0.0, 0.0, 0.0, 0.0, 0.0, 0.0, 0.0, 0.0, 0.0, 0.0, 0.0, 0.0, 0.0, 0.0, 0.0, 0.0, 0.0, 0.0, 0.0, 0.0, 0.0, 0.0, 0.0, 0.0, 0.0, 0.0, 0.0, 0.0, 0.0, 0.0, 0.0, 0.0, 0.0, 0.0, 0.0, 0.0, 0.0, 0.0, 0.0, 0.0, 0.0, 0.0, 0.0, 0.0, 0.0, 0.0, 0.0, 0.0, 0.0, 0.0, 0.0, 0.0, 0.0, 0.0, 0.0, 0.0, 0.0, 0.0, 0.0, 0.0, 0.0, 0.0, 0.0, 0.0, 0.0, 0.0, 0.0, 0.0, 0.0, 0.0, 0.0, 0.0, 0.0, 0.0, 0.0, 0.0, 0.0, 0.0, 0.0, 0.0, 0.0, 0.0, 0.0, 0.0, 0.0, 0.0, 0.0, 0.0, 0.0, 0.0, 0.0, 0.0, 0.0, 0.0, 0.0, 0.0, 0.0, 0.0, 0.0, 0.0, 0.0, 0.0, 0.0, 0.0, 0.0, 0.0, 0.0, 0.0, 0.0, 0.0, 0.0, 0.0, 0.0, 0.0, 0.0, 0.0, 0.0, 0.0, 0.0, 0.0, 0.0, 0.0, 0.0, 0.0, 0.0, 0.0, 0.0, 0.0, 0.0, 0.0, 0.0, 0.0, 0.0, 0.0, 0.0, 0.0, 0.0, 0.0, 0.0, 0.0, 0.0, 0.0, 0.0, 0.0, 0.0, 0.0, 0.0, 0.0, 0.0, 0.0, 0.0, 0.0, 0.0, 0.0, 0.0, 0.0, 0.0, 0.0, 0.0, 0.0, 0.0, 0.0, 0.0, 0.0, 0.0, 0.0, 0.0, 0.0, 0.0, 0.0, 0.0, 0.0, 0.0, 0.0, 0.0, 0.0, 0.0, 0.0, 0.0, 0.0, 0.0, 0.0, 0.0, 0.0, 0.0, 0.0, 0.0, 0.0, 0.0, 0.0, 0.0, 0.0, 0.0, 0.0, 0.0, 0.0, 0.0, 0.0, 0.0, 0.0, 0.0, 0.0, 0.0, 0.0, 0.0, 0.0, 0.0, 0.0, 0.0, 0.0, 0.0, 0.0, 0.0, 0.0, 0.0, 0.0, 0.0, 0.0, 0.0, 0.0, 0.0, 0.0, 0.0, 0.0, 0.0, 0.0, 0.0, 0.0, 0.0, 0.0, 0.0, 0.0, 0.0, 0.0, 0.0, 0.0, 0.0, 0.0, 0.0, 0.0, 0.0, 0.0, 0.0, 0.0, 0.0, 0.0, 0.0, 0.0, 0.0, 0.0, 0.0, 0.0, 0.0, 0.0, 0.0, 0.0, 0.0, 0.0, 0.0, 0.0, 0.0, 0.0, 0.0, 0.0, 0.0, 0.0, 0.0, 0.0, 0.0, 0.0, 0.0, 0.0, 0.0, 0.0, 0.0, 0.0, 0.0, 0.0, 0.0, 0.0, 0.0, 0.0, 0.0, 0.0, 0.0, 0.0, 0.0, 0.0, 0.0, 0.0, 0.0, 0.0, 0.0, 0.0, 0.0, 0.0, 0.0, 0.0, 0.0, 0.0, 0.0, 0.0, 0.0, 0.0, 0.0, 0.0, 0.0, 0.0, 0.0, 0.0, 0.0, 0.0, 0.0, 0.0, 0.0, 0.0, 0.0, 0.0, 0.0, 0.0, 0.0, 0.0, 0.0, 0.0, 0.0, 0.0, 0.0, 0.0, 0.0, 0.0, 0.0, 0.0, 0.0, 0.0, 0.0, 0.0, 0.0, 0.0, 0.0, 0.0, 0.0, 0.0, 0.0, 0.0, 0.0, 0.0, 0.0, 0.0, 0.0, 0.0, 0.0, 0.0, 0.0, 0.0, 0.0, 0.0, 0.0, 0.0, 0.0, 0.0, 0.0, 0.0, 0.0, 0.0, 0.0, 0.0, 0.0, 0.0, 0.0, 0.0, 0.0, 0.0, 0.0, 0.0, 0.0, 0.0, 0.0, 0.0, 0.0, 0.0, 0.0, 0.0, 0.0, 0.0, 0.0, 0.0, 0.0, 0.0, 0.0, 0.0, 0.0, 0.0, 0.0, 0.0, 0.0, 0.0, 0.0, 0.0, 0.0, 0.0, 0.0, 0.0, 0.0, 0.0, 0.0, 0.0, 0.0, 0.0, 0.0, 0.0, 0.0, 0.0, 0.0, 0.0, 0.0, 0.0, 0.0, 0.0, 0.0, 0.0, 0.0, 0.0, 0.0, 0.0, 0.0, 0.0, 0.0, 0.0, 0.0, 0.0, 0.0, 0.0, 0.0, 0.0, 0.0, 0.0, 0.0, 0.0, 0.0, 0.0, 0.0, 0.0, 0.0, 0.0, 0.0, 0.0, 0.0, 0.0, 0.0, 0.0, 0.0, 0.0, 0.0, 0.0, 0.0, 0.0, 0.0, 0.0, 0.0, 0.0, 0.0, 0.0, 0.0, 0.0, 0.0, 0.0, 0.0, 0.0, 0.0, 0.0, 0.0, 0.0, 0.0, 0.0, 0.0, 0.0, 0.0, 0.0, 0.0, 0.0, 0.0, 0.0, 0.0, 0.0, 0.0, 0.0, 0.0, 0.0, 0.0, 0.0, 0.0, 0.0, 0.0, 0.0, 0.0, 0.0, 0.0, 0.0, 0.0, 0.0, 0.0, 0.0, 0.0, 0.0, 0.0, 0.0, 0.0, 0.0, 0.0, 0.0, 0.0, 0.0, 0.0, 0.0, 0.0, 0.0, 0.0, 0.0, 0.0, 0.0, 0.0, 0.0, 0.0, 0.0, 0.0, 0.0, 0.0, 0.0, 0.0, 0.0, 0.0, 0.0, 0.0, 0.0, 0.0, 0.0, 0.0, 0.0, 0.0, 0.0, 0.0, 0.0, 0.0, 0.0, 0.0, 0.0, 0.0, 0.0, 0.0, 0.0, 0.0, 0.0, 0.0, 0.0, 0.0, 0.0, 0.0, 0.0, 0.0, 0.0, 0.0, 0.0, 0.0, 0.0, 0.0, 0.0, 0.0, 0.0, 0.0, 0.0, 0.0, 0.0, 0.0, 0.0, 0.0, 0.0, 0.0, 0.0, 0.0, 0.0, 0.0, 0.0, 0.0, 0.0, 0.0, 0.0, 0.0, 0.0, 0.0, 0.0, 0.0, 0.0, 0.0, 0.0, 0.0, 0.0, 0.0, 0.0, 0.0, 0.0, 0.0, 0.0, 0.0, 0.0, 0.0, 0.0, 0.0, 0.0, 0.0, 0.0, 0.0, 0.0, 0.0, 0.0, 0.0, 0.0, 0.0, 0.0, 0.0, 0.0, 0.0, 0.0, 0.0, 0.0, 0.0, 0.0, 0.0, 0.0, 0.0, 0.0, 0.0, 0.0, 0.0, 0.0, 0.0, 0.0, 0.0, 0.0, 0.0, 0.0, 0.0, 0.0, 0.0, 0.0, 0.0, 0.0, 0.0, 0.0, 0.0, 0.0, 0.0, 0.0, 0.0, 0.0, 0.0, 0.0, 0.0, 0.0, 0.0, 0.0, 0.0, 0.0, 0.0, 0.0, 0.0, 0.0, 0.0, 0.0, 0.0, 0.0, 0.0, 0.0, 0.0, 0.0, 0.0, 0.0, 0.0, 0.0, 0.0, 0.0, 0.0, 0.0, 0.0, 0.0, 0.0, 0.0, 0.0, 0.0, 0.0, 0.0, 0.0, 0.0, 0.0, 0.0, 0.0, 0.0, 0.0, 0.0, 0.0, 0.0, 0.0, 0.0, 0.0, 0.0, 0.0, 0.0, 0.0, 0.0, 0.0, 0.0, 0.0, 0.0, 0.0, 0.0, 0.0, 0.0, 0.0, 0.0, 0.0, 0.0, 0.0, 0.0, 0.0, 0.0, 0.0, 0.0, 0.0, 0.0, 0.0, 0.0, 0.0, 0.0, 0.0, 0.0, 0.0, 0.0, 0.0, 0.0, 0.0, 0.0, 0.0, 0.0, 0.0, 0.0, 0.0, 0.0, 0.0, 0.0, 0.0, 0.0, 0.0, 0.0, 0.0, 0.0, 0.0, 0.0, 0.0, 0.0, 0.0, 0.0, 0.0, 0.0, 0.0, 0.0, 0.0, 0.0, 0.0, 0.0, 0.0, 0.0, 0.0, 0.0, 0.0, 0.0, 0.0, 0.0, 0.0, 0.0, 0.0, 0.0, 0.0, 0.0, 0.0, 0.0, 0.0, 0.0, 0.0, 0.0, 0.0, 0.0, 0.0, 0.0, 0.0, 0.0, 0.0, 0.0, 0.0, 0.0, 0.0, 0.0, 0.0, 0.0, 0.0, 0.0, 0.0, 0.0, 0.0, 0.0, 0.0, 0.0, 0.0, 0.0, 0.0, 0.0, 0.0, 0.0, 0.0, 0.0, 0.0, 0.0, 0.0, 0.0, 0.0, 0.0, 0.0, 0.0, 0.0, 0.0, 0.0, 0.0, 0.0, 0.0, 0.0, 0.0, 0.0, 0.0, 0.0, 0.0, 0.0, 0.0, 0.0, 0.0, 0.0, 0.0, 0.0, 0.0, 0.0, 0.0, 0.0, 0.0, 0.0, 0.0, 0.0, 0.0, 0.0, 0.0, 0.0, 0.0, 0.0, 0.0, 0.0, 0.0, 0.0, 0.0, 0.0, 0.0, 0.0, 0.0, 0.0, 0.0, 0.0, 0.0, 0.0, 0.0, 0.0, 0.0, 0.0, 0.0, 0.0, 0.0, 0.0, 0.0, 0.0, 0.0, 0.0, 0.0, 0.0, 0.0, 0.0, 0.0, 0.0, 0.0, 0.0, 0.0, 0.0, 0.0, 0.0, 0.0, 0.0, 0.0, 0.0, 0.0, 0.0, 0.0, 0.0, 0.0, 0.0, 0.0, 0.0, 0.0, 0.0, 0.0, 0.0, 0.0, 0.0, 0.0, 0.0, 0.0, 0.0, 0.0, 0.0, 0.0, 0.0, 0.0, 0.0, 0.0, 0.0, 0.0, 0.0, 0.0, 0.0, 0.0, 0.0, 0.0, 0.0, 0.0, 0.0, 0.0, 0.0, 0.0, 0.0, 0.0, 0.0, 0.0, 0.0, 0.0, 0.0, 0.0, 0.0, 0.0, 0.0, 0.0, 0.0, 0.0, 0.0, 0.0, 0.0, 0.0, 0.0, 0.0, 0.0, 0.0, 0.0, 0.0, 0.0, 0.0, 0.0, 0.0, 0.0, 0.0, 0.0, 0.0, 0.0, 0.0, 0.0, 0.0, 0.0, 0.0, 0.0, 0.0, 0.0, 0.0, 0.0, 0.0, 0.0, 0.0, 0.0, 0.0, 0.0, 0.0, 0.0, 0.0, 0.0, 0.0, 0.0, 0.0, 0.0, 0.0, 0.0, 0.0, 0.0, 0.0, 0.0, 0.0, 0.0, 0.0, 0.0, 0.0, 0.0, 0.0, 0.0, 0.0, 0.0, 0.0, 0.0, 0.0, 0.0, 0.0, 0.0, 0.0, 0.0, 0.0, 0.0, 0.0, 0.0, 0.0, 0.0, 0.0, 0.0, 0.0, 0.0, 0.0, 0.0, 0.0, 0.0, 0.0, 0.0, 0.0, 0.0, 0.0, 0.0, 0.0, 0.0, 0.0, 0.0, 0.0, 0.0, 0.0, 0.0, 0.0, 0.0, 0.0, 0.0, 0.0, 0.0, 0.0, 0.0, 0.0, 0.0, 0.0, 0.0, 0.0, 0.0, 0.0, 0.0, 0.0, 0.0, 0.0, 0.0, 0.0, 0.0, 0.0, 0.0, 0.0, 0.0, 0.0, 0.0, 0.0, 0.0, 0.0, 0.0, 0.0, 0.0, 0.0, 0.0, 0.0, 0.0, 0.0, 0.0, 0.0, 0.0, 0.0, 0.0, 0.0, 0.0, 0.0, 0.0, 0.0, 0.0, 0.0, 0.0, 0.0, 0.0, 0.0, 0.0, 0.0, 0.0, 0.0, 0.0, 0.0, 0.0, 0.0, 0.0, 0.0, 0.0, 0.0, 0.0, 0.0, 0.0, 0.0, 0.0, 0.0, 0.0, 0.0, 0.0, 0.0, 0.0, 0.0, 0.0, 0.0, 0.0, 0.0, 0.0, 0.0, 0.0, 0.0, 0.0, 0.0, 0.0, 0.0, 0.0, 0.0, 0.0, 0.0, 0.0, 0.0, 0.0, 0.0, 0.0, 0.0, 0.0, 0.0, 0.0, 0.0, 0.0, 0.0, 0.0, 0.0, 0.0, 0.0, 0.0, 0.0, 0.0, 0.0, 0.0, 0.0, 0.0, 0.0, 0.0, 0.0, 0.0, 0.0, 0.0, 0.0, 0.0, 0.0, 0.0, 0.0, 0.0, 0.0, 0.0, 0.0, 0.0, 0.0, 0.0, 0.0, 0.0, 0.0, 0.0, 0.0, 0.0, 0.0, 0.0, 0.0, 0.0, 0.0, 0.0, 0.0, 0.0, 0.0, 0.0, 0.0, 0.0, 0.0, 0.0, 0.0, 0.0, 0.0, 0.0, 0.0, 0.0, 0.0, 0.0, 0.0, 0.0, 0.0, 0.0, 0.0, 0.0, 0.0, 0.0, 0.0, 0.0, 0.0, 0.0, 0.0, 0.0, 0.0, 0.0, 0.0, 0.0, 0.0, 0.0, 0.0, 0.0, 0.0, 0.0, 0.0, 0.0, 0.0, 0.0, 0.0, 0.0, 0.0, 0.0, 0.0, 0.0, 0.0, 0.0, 0.0, 0.0, 0.0, 0.0, 0.0, 0.0, 0.0, 0.0, 0.0, 0.0, 0.0, 0.0, 0.0, 0.0, 0.0, 0.0, 0.0, 0.0, 0.0, 0.0, 0.0, 0.0, 0.0, 0.0, 0.0, 0.0, 0.0, 0.0, 0.0, 0.0, 0.0, 0.0, 0.0, 0.0, 0.0, 0.0, 0.0, 0.0, 0.0, 0.0, 0.0, 0.0, 0.0, 0.0, 0.0, 0.0, 0.0, 0.0, 0.0, 0.0, 0.0, 0.0, 0.0, 0.0, 0.0, 0.0, 0.0, 0.0, 0.0, 0.0, 0.0, 0.0, 0.0, 0.0, 0.0, 0.0, 0.0, 0.0, 0.0, 0.0, 0.0, 0.0, 0.0, 0.0, 0.0, 0.0, 0.0, 0.0, 0.0, 0.0, 0.0, 0.0, 0.0, 0.0, 0.0, 0.0, 0.0, 0.0, 0.0, 0.0, 0.0, 0.0, 0.0, 0.0, 0.0, 0.0, 0.0, 0.0, 0.0, 0.0, 0.0, 0.0, 0.0, 0.0, 0.0, 0.0, 0.0, 0.0, 0.0, 0.0, 0.0, 0.0, 0.0, 0.0, 0.0, 0.0, 0.0, 0.0, 0.0, 0.0, 0.0, 0.0, 0.0, 0.0, 0.0, 0.0, 0.0, 0.0, 0.0, 0.0, 0.0, 0.0, 0.0, 0.0, 0.0, 0.0, 0.0, 0.0, 0.0, 0.0, 0.0, 0.0, 0.0, 0.0, 0.0, 0.0, 0.0, 0.0, 0.0, 0.0, 0.0, 0.0, 0.0, 0.0, 0.0, 0.0, 0.0, 0.0, 0.0, 0.0, 0.0, 0.0, 0.0, 0.0, 0.0, 0.0, 0.0, 0.0, 0.0, 0.0, 0.0, 0.0, 0.0, 0.0, 0.0, 0.0, 0.0, 0.0, 0.0, 0.0, 0.0, 0.0, 0.0, 0.0, 0.0, 0.0, 0.0, 0.0, 0.0, 0.0, 0.0, 0.0, 0.0, 0.0, 0.0, 0.0, 0.0, 0.0, 0.0, 0.0, 0.0, 0.0, 0.0, 0.0, 0.0, 0.0, 0.0, 0.0, 0.0, 0.0, 0.0, 0.0, 0.0, 0.0, 0.0, 0.0, 0.0, 0.0, 0.0, 0.0, 0.0, 0.0, 0.0, 0.0, 0.0, 0.0, 0.0, 0.0, 0.0, 0.0, 0.0, 0.0, 0.0, 0.0, 0.0, 0.0, 0.0, 0.0, 0.0, 0.0, 0.0, 0.0, 0.0, 0.0, 0.0, 0.0, 0.0, 0.0, 0.0, 0.0, 0.0, 0.0, 0.0, 0.0, 0.0, 0.0, 0.0, 0.0, 0.0, 0.0, 0.0, 0.0, 0.0, 0.0, 0.0, 0.0, 0.0, 0.0, 0.0, 0.0, 0.0, 0.0, 0.0, 0.0, 0.0, 0.0, 0.0, 0.0, 0.0, 0.0, 0.0, 0.0, 0.0, 0.0, 0.0, 0.0, 0.0, 0.0, 0.0, 0.0, 0.0, 0.0, 0.0, 0.0, 0.0, 0.0, 0.0, 0.0, 0.0, 0.0, 0.0, 0.0, 0.0, 0.0, 0.0, 0.0, 0.0, 0.0, 0.0, 0.0, 0.0, 0.0, 0.0, 0.0, 0.0, 0.0, 0.0, 0.0, 0.0, 0.0, 0.0, 0.0, 0.0, 0.0, 0.0, 0.0, 0.0, 0.0, 0.0, 0.0, 0.0, 0.0, 0.0, 0.0, 0.0, 0.0, 0.0, 0.0, 0.0, 0.0, 0.0, 0.0, 0.0, 0.0, 0.0, 0.0, 0.0, 0.0, 0.0, 0.0, 0.0, 0.0, 0.0, 0.0, 0.0, 0.0, 0.0, 0.0, 0.0, 0.0, 0.0, 0.0, 0.0, 0.0, 0.0, 0.0, 0.0, 0.0, 0.0, 0.0, 0.0, 0.0, 0.0, 0.0, 0.0, 0.0, 0.0, 0.0, 0.0, 0.0, 0.0, 0.0, 0.0, 0.0, 0.0, 0.0, 0.0, 0.0, 0.0, 0.0, 0.0, 0.0, 0.0, 0.0, 0.0, 0.0, 0.0, 0.0, 0.0, 0.0, 0.0, 0.0, 0.0, 0.0, 0.0, 0.0, 0.0, 0.0, 0.0, 0.0, 0.0, 0.0, 0.0, 0.0, 0.0, 0.0, 0.0, 0.0, 0.0, 0.0, 0.0, 0.0, 0.0, 0.0, 0.0, 0.0, 0.0, 0.0, 0.0, 0.0, 0.0, 0.0, 0.0, 0.0, 0.0, 0.0, 0.0, 0.0, 0.0, 0.0, 0.0, 0.0, 0.0, 0.0, 0.0, 0.0, 0.0, 0.0, 0.0, 0.0, 0.0, 0.0, 0.0, 0.0, 0.0, 0.0, 0.0, 0.0, 0.0, 0.0, 0.0, 0.0, 0.0, 0.0, 0.0, 0.0, 0.0, 0.0, 0.0, 0.0, 0.0, 0.0, 0.0, 0.0, 0.0, 0.0, 0.0, 0.0, 0.0, 0.0, 0.0, 0.0, 0.0, 0.0, 0.0, 0.0, 0.0, 0.0, 0.0, 0.0, 0.0, 0.0, 0.0, 0.0, 0.0, 0.0, 0.0, 0.0, 0.0, 0.0, 0.0, 0.0, 0.0, 0.0, 0.0, 0.0, 0.0, 0.0, 0.0, 0.0, 0.0, 0.0, 0.0, 0.0, 0.0, 0.0, 0.0, 0.0, 0.0, 0.0, 0.0, 0.0, 0.0, 0.0, 0.0, 0.0, 0.0, 0.0, 0.0, 0.0, 0.0, 0.0, 0.0, 0.0, 0.0, 0.0, 0.0, 0.0, 0.0, 0.0, 0.0, 0.0, 0.0, 0.0, 0.0, 0.0, 0.0, 0.0, 0.0, 0.0, 0.0, 0.0, 0.0, 0.0, 0.0, 0.0, 0.0, 0.0, 0.0, 0.0, 0.0, 0.0, 0.0, 0.0, 0.0, 0.0, 0.0, 0.0, 0.0, 0.0, 0.0, 0.0, 0.0, 0.0, 0.0, 0.0, 0.0, 0.0, 0.0, 0.0, 0.0, 0.0, 0.0, 0.0, 0.0, 0.0, 0.0, 0.0, 0.0, 0.0, 0.0, 0.0, 0.0, 0.0, 0.0, 0.0, 0.0, 0.0, 0.0, 0.0, 0.0, 0.0, 0.0, 0.0, 0.0, 0.0, 0.0, 0.0, 0.0, 0.0, 0.0, 0.0, 0.0, 0.0, 0.0, 0.0, 0.0, 0.0, 0.0, 0.0, 0.0, 0.0, 0.0, 0.0, 0.0, 0.0, 0.0, 0.0, 0.0, 0.0, 0.0, 0.0, 0.0, 0.0, 0.0, 0.0, 0.0, 0.0, 0.0, 0.0, 0.0, 0.0, 0.0, 0.0, 0.0, 0.0, 0.0, 0.0, 0.0, 0.0, 0.0, 0.0, 0.0, 0.0, 0.0, 0.0, 0.0, 0.0, 0.0, 0.0, 0.0, 0.0, 0.0, 0.0, 0.0, 0.0, 0.0, 0.0, 0.0, 0.0, 0.0, 0.0, 0.0, 0.0, 0.0, 0.0, 0.0, 0.0, 0.0, 0.0, 0.0, 0.0, 0.0, 0.0, 0.0, 0.0, 0.0, 0.0, 0.0, 0.0, 0.0, 0.0, 0.0, 0.0, 0.0, 0.0, 0.0, 0.0, 0.0, 0.0, 0.0, 0.0, 0.0, 0.0, 0.0, 0.0, 0.0, 0.0, 0.0, 0.0, 0.0, 0.0, 0.0, 0.0, 0.0, 0.0, 0.0, 0.0, 0.0, 0.0, 0.0, 0.0, 0.0, 0.0, 0.0, 0.0, 0.0, 0.0, 0.0, 0.0, 0.0, 0.0, 0.0, 0.0, 0.0, 0.0, 0.0, 0.0, 0.0, 0.0, 0.0, 0.0, 0.0, 0.0, 0.0, 0.0, 0.0, 0.0, 0.0, 0.0, 0.0, 0.0, 0.0, 0.0, 0.0, 0.0, 0.0, 0.0, 0.0, 0.0, 0.0, 0.0, 0.0, 0.0, 0.0, 0.0, 0.0, 0.0, 0.0, 0.0, 0.0, 0.0, 0.0, 0.0, 0.0, 0.0, 0.0, 0.0, 0.0, 0.0, 0.0, 0.0, 0.0, 0.0, 0.0, 0.0, 0.0, 0.0, 0.0, 0.0, 0.0, 0.0, 0.0, 0.0, 0.0, 0.0, 0.0, 0.0, 0.0, 0.0, 0.0, 0.0, 0.0, 0.0, 0.0, 0.0, 0.0, 0.0, 0.0, 0.0, 0.0, 0.0, 0.0, 0.0, 0.0, 0.0, 0.0, 0.0, 0.0, 0.0, 0.0, 0.0, 0.0, 0.0, 0.0, 0.0, 0.0, 0.0, 0.0, 0.0, 0.0, 0.0, 0.0, 0.0, 0.0, 0.0, 0.0, 0.0, 0.0, 0.0, 0.0, 0.0, 0.0, 0.0, 0.0, 0.0, 0.0, 0.0, 0.0, 0.0, 0.0, 0.0, 0.0, 0.0, 0.0, 0.0, 0.0, 0.0, 0.0, 0.0, 0.0, 0.0, 0.0, 0.0, 0.0, 0.0, 0.0, 0.0, 0.0, 0.0, 0.0, 0.0, 0.0, 0.0, 0.0, 0.0, 0.0, 0.0, 0.0, 0.0, 0.0, 0.0, 0.0, 0.0, 0.0, 0.0, 0.0, 0.0, 0.0, 0.0, 0.0, 0.0, 0.0, 0.0, 0.0, 0.0, 0.0, 0.0, 0.0, 0.0, 0.0, 0.0, 0.0, 0.0, 0.0, 0.0, 0.0, 0.0, 0.0, 0.0, 0.0, 0.0, 0.0, 0.0, 0.0, 0.0, 0.0, 0.0, 0.0, 0.0, 0.0, 0.0, 0.0, 0.0, 0.0, 0.0, 0.0, 0.0, 0.0, 0.0, 0.0, 0.0, 0.0, 0.0, 0.0, 0.0, 0.0, 0.0, 0.0, 0.0, 0.0, 0.0, 0.0, 0.0, 0.0, 0.0, 0.0, 0.0, 0.0, 0.0, 0.0, 0.0, 0.0, 0.0, 0.0, 0.0, 0.0, 0.0, 0.0, 0.0, 0.0, 0.0, 0.0, 0.0, 0.0, 0.0, 0.0, 0.0, 0.0, 0.0, 0.0, 0.0, 0.0, 0.0, 0.0, 0.0, 0.0, 0.0, 0.0, 0.0, 0.0, 0.0, 0.0, 0.0, 0.0, 0.0, 0.0, 0.0, 0.0, 0.0, 0.0, 0.0, 0.0, 0.0, 0.0, 0.0, 0.0, 0.0, 0.0, 0.0, 0.0, 0.0, 0.0, 0.0, 0.0, 0.0, 0.0, 0.0, 0.0, 0.0, 0.0, 0.0, 0.0, 0.0, 0.0, 0.0, 0.0, 0.0, 0.0, 0.0, 0.0, 0.0, 0.0, 0.0, 0.0, 0.0, 0.0, 0.0, 0.0, 0.0, 0.0, 0.0, 0.0, 0.0, 0.0, 0.0, 0.0, 0.0, 0.0, 0.0, 0.0, 0.0, 0.0, 0.0, 0.0, 0.0, 0.0, 0.0, 0.0, 0.0, 0.0, 0.0, 0.0, 0.0, 0.0, 0.0, 0.0, 0.0, 0.0, 0.0, 0.0, 0.0, 0.0, 0.0, 0.0, 0.0, 0.0, 0.0, 0.0, 0.0, 0.0, 0.0, 0.0, 0.0, 0.0, 0.0, 0.0, 0.0, 0.0, 0.0, 0.0, 0.0, 0.0, 0.0, 0.0, 0.0, 0.0, 0.0, 0.0, 0.0, 0.0, 0.0, 0.0, 0.0, 0.0, 0.0, 0.0, 0.0, 0.0, 0.0, 0.0, 0.0, 0.0, 0.0, 0.0, 0.0, 0.0, 0.0, 0.0, 0.0, 0.0, 0.0, 0.0, 0.0, 0.0, 0.0, 0.0, 0.0, 0.0, 0.0, 0.0, 0.0, 0.0, 0.0, 0.0, 0.0, 0.0, 0.0, 0.0, 0.0, 0.0, 0.0, 0.0, 0.0, 0.0, 0.0, 0.0, 0.0, 0.0, 0.0, 0.0, 0.0, 0.0, 0.0, 0.0, 0.0, 0.0, 0.0, 0.0, 0.0, 0.0, 0.0, 0.0, 0.0, 0.0, 0.0, 0.0, 0.0, 0.0, 0.0, 0.0, 0.0, 0.0, 0.0, 0.0, 0.0, 0.0, 0.0, 0.0, 0.0, 0.0, 0.0, 0.0, 0.0, 0.0, 0.0, 0.0, 0.0, 0.0, 0.0, 0.0, 0.0, 0.0, 0.0, 0.0], second_moment: [0.0, 0.0, 0.0, 0.0, 0.0, 0.0, 0.0, 0.0, 0.0, 0.0, 0.0, 0.0, 0.0, 0.0, 0.0, 0.0, 0.0, 0.0, 0.0, 0.0, 0.0, 0.0, 0.0, 0.0, 0.0, 0.0, 0.0, 0.0, 0.0, 0.0, 0.0, 0.0, 0.0, 0.0, 0.0, 0.0, 0.0, 0.0, 0.0, 0.0, 0.0, 0.0, 0.0, 0.0, 0.0, 0.0, 0.0, 0.0, 0.0, 0.0, 0.0, 0.0, 0.0, 0.0, 0.0, 0.0, 0.0, 0.0, 0.0, 0.0, 0.0, 0.0, 0.0, 0.0, 0.0, 0.0, 0.0, 0.0, 0.0, 0.0, 0.0, 0.0, 0.0, 0.0, 0.0, 0.0, 0.0, 0.0, 0.0, 0.0, 0.0, 0.0, 0.0, 0.0, 0.0, 0.0, 0.0, 0.0, 0.0, 0.0, 0.0, 0.0, 0.0, 0.0, 0.0, 0.0, 0.0, 0.0, 0.0, 0.0, 0.0, 0.0, 0.0, 0.0, 0.0, 0.0, 0.0, 0.0, 0.0, 0.0, 0.0, 0.0, 0.0, 0.0, 0.0, 0.0, 0.0, 0.0, 0.0, 0.0, 0.0, 0.0, 0.0, 0.0, 0.0, 0.0, 0.0, 0.0, 0.0, 0.0, 0.0, 0.0, 0.0, 0.0, 0.0, 0.0, 0.0, 0.0, 0.0, 0.0, 0.0, 0.0, 0.0, 0.0, 0.0, 0.0, 0.0, 0.0, 0.0, 0.0, 0.0, 0.0, 0.0, 0.0, 0.0, 0.0, 0.0, 0.0, 0.0, 0.0, 0.0, 0.0, 0.0, 0.0, 0.0, 0.0, 0.0, 0.0, 0.0, 0.0, 0.0, 0.0, 0.0, 0.0, 0.0, 0.0, 0.0, 0.0, 0.0, 0.0, 0.0, 0.0, 0.0, 0.0, 0.0, 0.0, 0.0, 0.0, 0.0, 0.0, 0.0, 0.0, 0.0, 0.0, 0.0, 0.0, 0.0, 0.0, 0.0, 0.0, 0.0, 0.0, 0.0, 0.0, 0.0, 0.0, 0.0, 0.0, 0.0, 0.0, 0.0, 0.0, 0.0, 0.0, 0.0, 0.0, 0.0, 0.0, 0.0, 0.0, 0.0, 0.0, 0.0, 0.0, 0.0, 0.0, 0.0, 0.0, 0.0, 0.0, 0.0, 0.0, 0.0, 0.0, 0.0, 0.0, 0.0, 0.0, 0.0, 0.0, 0.0, 0.0, 0.0, 0.0, 0.0, 0.0, 0.0, 0.0, 0.0, 0.0, 0.0, 0.0, 0.0, 0.0, 0.0, 0.0, 0.0, 0.0, 0.0, 0.0, 0.0, 0.0, 0.0, 0.0, 0.0, 0.0, 0.0, 0.0, 0.0, 0.0, 0.0, 0.0, 0.0, 0.0, 0.0, 0.0, 0.0, 0.0, 0.0, 0.0, 0.0, 0.0, 0.0, 0.0, 0.0, 0.0, 0.0, 0.0, 0.0, 0.0, 0.0, 0.0, 0.0, 0.0, 0.0, 0.0, 0.0, 0.0, 0.0, 0.0, 0.0, 0.0, 0.0, 0.0, 0.0, 0.0, 0.0, 0.0, 0.0, 0.0, 0.0, 0.0, 0.0, 0.0, 0.0, 0.0, 0.0, 0.0, 0.0, 0.0, 0.0, 0.0, 0.0, 0.0, 0.0, 0.0, 0.0, 0.0, 0.0, 0.0, 0.0, 0.0, 0.0, 0.0, 0.0, 0.0, 0.0, 0.0, 0.0, 0.0, 0.0, 0.0, 0.0, 0.0, 0.0, 0.0, 0.0, 0.0, 0.0, 0.0, 0.0, 0.0, 0.0, 0.0, 0.0, 0.0, 0.0, 0.0, 0.0, 0.0, 0.0, 0.0, 0.0, 0.0, 0.0, 0.0, 0.0, 0.0, 0.0, 0.0, 0.0, 0.0, 0.0, 0.0, 0.0, 0.0, 0.0, 0.0, 0.0, 0.0, 0.0, 0.0, 0.0, 0.0, 0.0, 0.0, 0.0, 0.0, 0.0, 0.0, 0.0, 0.0, 0.0, 0.0, 0.0, 0.0, 0.0, 0.0, 0.0, 0.0, 0.0, 0.0, 0.0, 0.0, 0.0, 0.0, 0.0, 0.0, 0.0, 0.0, 0.0, 0.0, 0.0, 0.0, 0.0, 0.0, 0.0, 0.0, 0.0, 0.0, 0.0, 0.0, 0.0, 0.0, 0.0, 0.0, 0.0, 0.0, 0.0, 0.0, 0.0, 0.0, 0.0, 0.0, 0.0, 0.0, 0.0, 0.0, 0.0, 0.0, 0.0, 0.0, 0.0, 0.0, 0.0, 0.0, 0.0, 0.0, 0.0, 0.0, 0.0, 0.0, 0.0, 0.0, 0.0, 0.0, 0.0, 0.0, 0.0, 0.0, 0.0, 0.0, 0.0, 0.0, 0.0, 0.0, 0.0, 0.0, 0.0, 0.0, 0.0, 0.0, 0.0, 0.0, 0.0, 0.0, 0.0, 0.0, 0.0, 0.0, 0.0, 0.0, 0.0, 0.0, 0.0, 0.0, 0.0, 0.0, 0.0, 0.0, 0.0, 0.0, 0.0, 0.0, 0.0, 0.0, 0.0, 0.0, 0.0, 0.0, 0.0, 0.0, 0.0, 0.0, 0.0, 0.0, 0.0, 0.0, 0.0, 0.0, 0.0, 0.0, 0.0, 0.0, 0.0, 0.0, 0.0, 0.0, 0.0, 0.0, 0.0, 0.0, 0.0, 0.0, 0.0, 0.0, 0.0, 0.0, 0.0, 0.0, 0.0, 0.0, 0.0, 0.0, 0.0, 0.0, 0.0, 0.0, 0.0, 0.0, 0.0, 0.0, 0.0, 0.0, 0.0, 0.0, 0.0, 0.0, 0.0, 0.0, 0.0, 0.0, 0.0, 0.0, 0.0, 0.0, 0.0, 0.0, 0.0, 0.0, 0.0, 0.0, 0.0, 0.0, 0.0, 0.0, 0.0, 0.0, 0.0, 0.0, 0.0, 0.0, 0.0, 0.0, 0.0, 0.0, 0.0, 0.0, 0.0, 0.0, 0.0, 0.0, 0.0, 0.0, 0.0, 0.0, 0.0, 0.0, 0.0, 0.0, 0.0, 0.0, 0.0, 0.0, 0.0, 0.0, 0.0, 0.0, 0.0, 0.0, 0.0, 0.0, 0.0, 0.0, 0.0, 0.0, 0.0, 0.0, 0.0, 0.0, 0.0, 0.0, 0.0, 0.0, 0.0, 0.0, 0.0, 0.0, 0.0, 0.0, 0.0, 0.0, 0.0, 0.0, 0.0, 0.0, 0.0, 0.0, 0.0, 0.0, 0.0, 0.0, 0.0, 0.0, 0.0, 0.0, 0.0, 0.0, 0.0, 0.0, 0.0, 0.0, 0.0, 0.0, 0.0, 0.0, 0.0, 0.0, 0.0, 0.0, 0.0, 0.0, 0.0, 0.0, 0.0, 0.0, 0.0, 0.0, 0.0, 0.0, 0.0, 0.0, 0.0, 0.0, 0.0, 0.0, 0.0, 0.0, 0.0, 0.0, 0.0, 0.0, 0.0, 0.0, 0.0, 0.0, 0.0, 0.0, 0.0, 0.0, 0.0, 0.0, 0.0, 0.0, 0.0, 0.0, 0.0, 0.0, 0.0, 0.0, 0.0, 0.0, 0.0, 0.0, 0.0, 0.0, 0.0, 0.0, 0.0, 0.0, 0.0, 0.0, 0.0, 0.0, 0.0, 0.0, 0.0, 0.0, 0.0, 0.0, 0.0, 0.0, 0.0, 0.0, 0.0, 0.0, 0.0, 0.0, 0.0, 0.0, 0.0, 0.0, 0.0, 0.0, 0.0, 0.0, 0.0, 0.0, 0.0, 0.0, 0.0, 0.0, 0.0, 0.0, 0.0, 0.0, 0.0, 0.0, 0.0, 0.0, 0.0, 0.0, 0.0, 0.0, 0.0, 0.0, 0.0, 0.0, 0.0, 0.0, 0.0, 0.0, 0.0, 0.0, 0.0, 0.0, 0.0, 0.0, 0.0, 0.0, 0.0, 0.0, 0.0, 0.0, 0.0, 0.0, 0.0, 0.0, 0.0, 0.0, 0.0, 0.0, 0.0, 0.0, 0.0, 0.0, 0.0, 0.0, 0.0, 0.0, 0.0, 0.0, 0.0, 0.0, 0.0, 0.0, 0.0, 0.0, 0.0, 0.0, 0.0, 0.0, 0.0, 0.0, 0.0, 0.0, 0.0, 0.0, 0.0, 0.0, 0.0, 0.0, 0.0, 0.0, 0.0, 0.0, 0.0, 0.0, 0.0, 0.0, 0.0, 0.0, 0.0, 0.0, 0.0, 0.0, 0.0, 0.0, 0.0, 0.0, 0.0, 0.0, 0.0, 0.0, 0.0, 0.0, 0.0, 0.0, 0.0, 0.0, 0.0, 0.0, 0.0, 0.0, 0.0, 0.0, 0.0, 0.0, 0.0, 0.0, 0.0, 0.0, 0.0, 0.0, 0.0, 0.0, 0.0, 0.0, 0.0, 0.0, 0.0, 0.0, 0.0, 0.0, 0.0, 0.0, 0.0, 0.0, 0.0, 0.0, 0.0, 0.0, 0.0, 0.0, 0.0, 0.0, 0.0, 0.0, 0.0, 0.0, 0.0, 0.0, 0.0, 0.0, 0.0, 0.0, 0.0, 0.0, 0.0, 0.0, 0.0, 0.0, 0.0, 0.0, 0.0, 0.0, 0.0, 0.0, 0.0, 0.0, 0.0, 0.0, 0.0, 0.0, 0.0, 0.0, 0.0, 0.0, 0.0, 0.0, 0.0, 0.0, 0.0, 0.0, 0.0, 0.0, 0.0, 0.0, 0.0, 0.0, 0.0, 0.0, 0.0, 0.0, 0.0, 0.0, 0.0, 0.0, 0.0, 0.0, 0.0, 0.0, 0.0, 0.0, 0.0, 0.0, 0.0, 0.0, 0.0, 0.0, 0.0, 0.0, 0.0, 0.0, 0.0, 0.0, 0.0, 0.0, 0.0, 0.0, 0.0, 0.0, 0.0, 0.0, 0.0, 0.0, 0.0, 0.0, 0.0, 0.0, 0.0, 0.0, 0.0, 0.0, 0.0, 0.0, 0.0, 0.0, 0.0, 0.0, 0.0, 0.0, 0.0, 0.0, 0.0, 0.0, 0.0, 0.0, 0.0, 0.0, 0.0, 0.0, 0.0, 0.0, 0.0, 0.0, 0.0, 0.0, 0.0, 0.0, 0.0, 0.0, 0.0, 0.0, 0.0, 0.0, 0.0, 0.0, 0.0, 0.0, 0.0, 0.0, 0.0, 0.0, 0.0, 0.0, 0.0, 0.0, 0.0, 0.0, 0.0, 0.0, 0.0, 0.0, 0.0, 0.0, 0.0, 0.0, 0.0, 0.0, 0.0, 0.0, 0.0, 0.0, 0.0, 0.0, 0.0, 0.0, 0.0, 0.0, 0.0, 0.0, 0.0, 0.0, 0.0, 0.0, 0.0, 0.0, 0.0, 0.0, 0.0, 0.0, 0.0, 0.0, 0.0, 0.0, 0.0, 0.0, 0.0, 0.0, 0.0, 0.0, 0.0, 0.0, 0.0, 0.0, 0.0, 0.0, 0.0, 0.0, 0.0, 0.0, 0.0, 0.0, 0.0, 0.0, 0.0, 0.0, 0.0, 0.0, 0.0, 0.0, 0.0, 0.0, 0.0, 0.0, 0.0, 0.0, 0.0, 0.0, 0.0, 0.0, 0.0, 0.0, 0.0, 0.0, 0.0, 0.0, 0.0, 0.0, 0.0, 0.0, 0.0, 0.0, 0.0, 0.0, 0.0, 0.0, 0.0, 0.0, 0.0, 0.0, 0.0, 0.0, 0.0, 0.0, 0.0, 0.0, 0.0, 0.0, 0.0, 0.0, 0.0, 0.0, 0.0, 0.0, 0.0, 0.0, 0.0, 0.0, 0.0, 0.0, 0.0, 0.0, 0.0, 0.0, 0.0, 0.0, 0.0, 0.0, 0.0, 0.0, 0.0, 0.0, 0.0, 0.0, 0.0, 0.0, 0.0, 0.0, 0.0, 0.0, 0.0, 0.0, 0.0, 0.0, 0.0, 0.0, 0.0, 0.0, 0.0, 0.0, 0.0, 0.0, 0.0, 0.0, 0.0, 0.0, 0.0, 0.0, 0.0, 0.0, 0.0, 0.0, 0.0, 0.0, 0.0, 0.0, 0.0, 0.0, 0.0, 0.0, 0.0, 0.0, 0.0, 0.0, 0.0, 0.0, 0.0, 0.0, 0.0, 0.0, 0.0, 0.0, 0.0, 0.0, 0.0, 0.0, 0.0, 0.0, 0.0, 0.0, 0.0, 0.0, 0.0, 0.0, 0.0, 0.0, 0.0, 0.0, 0.0, 0.0, 0.0, 0.0, 0.0, 0.0, 0.0, 0.0, 0.0, 0.0, 0.0, 0.0, 0.0, 0.0, 0.0, 0.0, 0.0, 0.0, 0.0, 0.0, 0.0, 0.0, 0.0, 0.0, 0.0, 0.0, 0.0, 0.0, 0.0, 0.0, 0.0, 0.0, 0.0, 0.0, 0.0, 0.0, 0.0, 0.0, 0.0, 0.0, 0.0, 0.0, 0.0, 0.0, 0.0, 0.0, 0.0, 0.0, 0.0, 0.0, 0.0, 0.0, 0.0, 0.0, 0.0, 0.0, 0.0, 0.0, 0.0, 0.0, 0.0, 0.0, 0.0, 0.0, 0.0, 0.0, 0.0, 0.0, 0.0, 0.0, 0.0, 0.0, 0.0, 0.0, 0.0, 0.0, 0.0, 0.0, 0.0, 0.0, 0.0, 0.0, 0.0, 0.0, 0.0, 0.0, 0.0, 0.0, 0.0, 0.0, 0.0, 0.0, 0.0, 0.0, 0.0, 0.0, 0.0, 0.0, 0.0, 0.0, 0.0, 0.0, 0.0, 0.0, 0.0, 0.0, 0.0, 0.0, 0.0, 0.0, 0.0, 0.0, 0.0, 0.0, 0.0, 0.0, 0.0, 0.0, 0.0, 0.0, 0.0, 0.0, 0.0, 0.0, 0.0, 0.0, 0.0, 0.0, 0.0, 0.0, 0.0, 0.0, 0.0, 0.0, 0.0, 0.0, 0.0, 0.0, 0.0, 0.0, 0.0, 0.0, 0.0, 0.0, 0.0, 0.0, 0.0, 0.0, 0.0, 0.0, 0.0, 0.0, 0.0, 0.0, 0.0, 0.0, 0.0, 0.0, 0.0, 0.0, 0.0, 0.0, 0.0, 0.0, 0.0, 0.0, 0.0, 0.0, 0.0, 0.0, 0.0, 0.0, 0.0, 0.0, 0.0, 0.0, 0.0, 0.0, 0.0, 0.0, 0.0, 0.0, 0.0, 0.0, 0.0, 0.0, 0.0, 0.0, 0.0, 0.0, 0.0, 0.0, 0.0, 0.0, 0.0, 0.0, 0.0, 0.0, 0.0, 0.0, 0.0, 0.0, 0.0, 0.0, 0.0, 0.0, 0.0, 0.0, 0.0, 0.0, 0.0, 0.0, 0.0, 0.0, 0.0, 0.0, 0.0, 0.0, 0.0, 0.0, 0.0, 0.0, 0.0, 0.0, 0.0, 0.0, 0.0, 0.0, 0.0, 0.0, 0.0, 0.0, 0.0, 0.0, 0.0, 0.0, 0.0, 0.0, 0.0, 0.0, 0.0, 0.0, 0.0, 0.0, 0.0, 0.0, 0.0, 0.0, 0.0, 0.0, 0.0, 0.0, 0.0, 0.0, 0.0, 0.0, 0.0, 0.0, 0.0, 0.0, 0.0, 0.0, 0.0, 0.0, 0.0, 0.0, 0.0, 0.0, 0.0, 0.0, 0.0, 0.0, 0.0, 0.0, 0.0, 0.0, 0.0, 0.0, 0.0, 0.0, 0.0, 0.0, 0.0, 0.0, 0.0, 0.0, 0.0, 0.0, 0.0, 0.0, 0.0, 0.0, 0.0, 0.0, 0.0, 0.0, 0.0, 0.0, 0.0, 0.0, 0.0, 0.0, 0.0, 0.0, 0.0, 0.0, 0.0, 0.0, 0.0, 0.0, 0.0, 0.0, 0.0, 0.0, 0.0, 0.0, 0.0, 0.0, 0.0, 0.0, 0.0, 0.0, 0.0, 0.0, 0.0, 0.0, 0.0, 0.0, 0.0, 0.0, 0.0, 0.0, 0.0, 0.0, 0.0, 0.0, 0.0, 0.0, 0.0, 0.0, 0.0, 0.0, 0.0, 0.0, 0.0, 0.0, 0.0, 0.0, 0.0, 0.0, 0.0, 0.0, 0.0, 0.0, 0.0, 0.0, 0.0, 0.0, 0.0, 0.0, 0.0, 0.0, 0.0, 0.0, 0.0, 0.0, 0.0, 0.0, 0.0, 0.0, 0.0, 0.0, 0.0, 0.0, 0.0, 0.0, 0.0, 0.0, 0.0, 0.0, 0.0, 0.0, 0.0, 0.0, 0.0, 0.0, 0.0, 0.0, 0.0, 0.0, 0.0, 0.0, 0.0, 0.0, 0.0, 0.0, 0.0, 0.0, 0.0, 0.0, 0.0, 0.0, 0.0, 0.0, 0.0, 0.0, 0.0, 0.0, 0.0, 0.0, 0.0, 0.0, 0.0, 0.0, 0.0, 0.0, 0.0, 0.0, 0.0, 0.0, 0.0, 0.0, 0.0, 0.0, 0.0, 0.0, 0.0, 0.0, 0.0, 0.0, 0.0, 0.0, 0.0, 0.0, 0.0, 0.0, 0.0, 0.0, 0.0, 0.0, 0.0, 0.0, 0.0, 0.0, 0.0, 0.0, 0.0, 0.0, 0.0, 0.0, 0.0, 0.0, 0.0, 0.0, 0.0, 0.0, 0.0, 0.0, 0.0, 0.0, 0.0, 0.0, 0.0, 0.0, 0.0, 0.0, 0.0, 0.0, 0.0, 0.0, 0.0, 0.0, 0.0, 0.0, 0.0, 0.0, 0.0, 0.0, 0.0, 0.0, 0.0, 0.0, 0.0, 0.0, 0.0, 0.0, 0.0, 0.0, 0.0, 0.0, 0.0, 0.0, 0.0, 0.0, 0.0, 0.0, 0.0, 0.0, 0.0, 0.0, 0.0, 0.0, 0.0, 0.0, 0.0, 0.0, 0.0, 0.0, 0.0, 0.0, 0.0, 0.0, 0.0, 0.0, 0.0, 0.0, 0.0, 0.0, 0.0, 0.0, 0.0, 0.0, 0.0, 0.0, 0.0, 0.0, 0.0, 0.0, 0.0, 0.0, 0.0, 0.0, 0.0, 0.0, 0.0, 0.0, 0.0, 0.0, 0.0, 0.0, 0.0, 0.0, 0.0, 0.0, 0.0, 0.0, 0.0, 0.0, 0.0, 0.0, 0.0, 0.0, 0.0, 0.0, 0.0, 0.0, 0.0, 0.0, 0.0, 0.0, 0.0, 0.0, 0.0, 0.0, 0.0, 0.0, 0.0, 0.0, 0.0, 0.0, 0.0, 0.0, 0.0, 0.0, 0.0, 0.0, 0.0, 0.0, 0.0, 0.0, 0.0, 0.0, 0.0, 0.0, 0.0, 0.0, 0.0, 0.0, 0.0, 0.0, 0.0, 0.0, 0.0, 0.0, 0.0, 0.0, 0.0, 0.0, 0.0, 0.0, 0.0, 0.0, 0.0, 0.0, 0.0, 0.0, 0.0, 0.0, 0.0, 0.0, 0.0, 0.0, 0.0, 0.0, 0.0, 0.0, 0.0, 0.0, 0.0, 0.0, 0.0, 0.0, 0.0, 0.0, 0.0, 0.0, 0.0, 0.0, 0.0, 0.0, 0.0, 0.0, 0.0, 0.0, 0.0, 0.0, 0.0, 0.0, 0.0, 0.0, 0.0, 0.0, 0.0, 0.0, 0.0, 0.0, 0.0, 0.0, 0.0, 0.0, 0.0, 0.0, 0.0, 0.0, 0.0, 0.0, 0.0, 0.0, 0.0, 0.0, 0.0, 0.0, 0.0, 0.0, 0.0, 0.0, 0.0, 0.0, 0.0, 0.0, 0.0, 0.0, 0.0, 0.0, 0.0, 0.0, 0.0, 0.0, 0.0, 0.0, 0.0, 0.0, 0.0, 0.0, 0.0, 0.0, 0.0, 0.0, 0.0, 0.0, 0.0, 0.0, 0.0, 0.0, 0.0, 0.0, 0.0, 0.0, 0.0, 0.0, 0.0, 0.0, 0.0, 0.0, 0.0, 0.0, 0.0, 0.0, 0.0, 0.0, 0.0, 0.0, 0.0, 0.0, 0.0, 0.0, 0.0, 0.0, 0.0, 0.0, 0.0, 0.0, 0.0, 0.0, 0.0, 0.0, 0.0, 0.0, 0.0, 0.0, 0.0, 0.0, 0.0, 0.0, 0.0, 0.0, 0.0, 0.0, 0.0, 0.0, 0.0, 0.0, 0.0, 0.0, 0.0, 0.0, 0.0, 0.0, 0.0, 0.0, 0.0, 0.0, 0.0, 0.0, 0.0, 0.0, 0.0, 0.0, 0.0, 0.0, 0.0, 0.0, 0.0, 0.0, 0.0, 0.0, 0.0, 0.0, 0.0, 0.0, 0.0, 0.0, 0.0, 0.0, 0.0, 0.0, 0.0, 0.0, 0.0, 0.0, 0.0, 0.0, 0.0, 0.0, 0.0, 0.0, 0.0, 0.0, 0.0, 0.0, 0.0, 0.0, 0.0, 0.0, 0.0, 0.0, 0.0, 0.0, 0.0, 0.0, 0.0, 0.0, 0.0, 0.0, 0.0, 0.0, 0.0, 0.0, 0.0, 0.0, 0.0, 0.0, 0.0, 0.0, 0.0, 0.0, 0.0, 0.0, 0.0, 0.0, 0.0, 0.0, 0.0, 0.0, 0.0, 0.0, 0.0, 0.0, 0.0, 0.0, 0.0, 0.0, 0.0, 0.0, 0.0, 0.0, 0.0, 0.0, 0.0, 0.0, 0.0, 0.0, 0.0, 0.0, 0.0, 0.0, 0.0, 0.0, 0.0, 0.0, 0.0, 0.0, 0.0, 0.0, 0.0, 0.0, 0.0, 0.0, 0.0, 0.0, 0.0, 0.0, 0.0, 0.0, 0.0, 0.0, 0.0, 0.0, 0.0, 0.0, 0.0, 0.0, 0.0, 0.0, 0.0, 0.0, 0.0, 0.0, 0.0, 0.0, 0.0, 0.0, 0.0, 0.0, 0.0, 0.0, 0.0, 0.0, 0.0, 0.0, 0.0, 0.0, 0.0, 0.0, 0.0, 0.0, 0.0, 0.0, 0.0, 0.0, 0.0, 0.0, 0.0, 0.0, 0.0, 0.0, 0.0, 0.0, 0.0, 0.0, 0.0, 0.0, 0.0, 0.0, 0.0, 0.0, 0.0, 0.0, 0.0, 0.0, 0.0, 0.0, 0.0, 0.0, 0.0, 0.0, 0.0, 0.0, 0.0, 0.0, 0.0, 0.0, 0.0, 0.0, 0.0, 0.0, 0.0, 0.0, 0.0, 0.0, 0.0, 0.0, 0.0, 0.0, 0.0, 0.0, 0.0, 0.0, 0.0, 0.0, 0.0, 0.0, 0.0, 0.0, 0.0, 0.0, 0.0, 0.0, 0.0, 0.0, 0.0, 0.0, 0.0, 0.0, 0.0, 0.0, 0.0, 0.0, 0.0, 0.0, 0.0, 0.0, 0.0, 0.0, 0.0, 0.0, 0.0, 0.0, 0.0, 0.0, 0.0, 0.0, 0.0, 0.0, 0.0, 0.0, 0.0, 0.0, 0.0, 0.0, 0.0, 0.0, 0.0, 0.0, 0.0, 0.0, 0.0, 0.0, 0.0, 0.0, 0.0, 0.0, 0.0, 0.0, 0.0, 0.0, 0.0, 0.0, 0.0, 0.0, 0.0, 0.0, 0.0, 0.0, 0.0, 0.0, 0.0, 0.0, 0.0, 0.0, 0.0, 0.0, 0.0, 0.0, 0.0, 0.0, 0.0, 0.0, 0.0, 0.0, 0.0, 0.0, 0.0, 0.0, 0.0, 0.0, 0.0, 0.0, 0.0, 0.0, 0.0, 0.0, 0.0, 0.0, 0.0, 0.0, 0.0, 0.0, 0.0, 0.0, 0.0, 0.0, 0.0, 0.0, 0.0, 0.0, 0.0, 0.0, 0.0, 0.0, 0.0, 0.0, 0.0, 0.0, 0.0, 0.0, 0.0, 0.0, 0.0, 0.0, 0.0, 0.0, 0.0, 0.0, 0.0, 0.0, 0.0, 0.0, 0.0, 0.0, 0.0, 0.0, 0.0, 0.0, 0.0, 0.0, 0.0, 0.0, 0.0, 0.0, 0.0, 0.0, 0.0, 0.0, 0.0, 0.0, 0.0, 0.0, 0.0, 0.0, 0.0, 0.0, 0.0, 0.0, 0.0, 0.0, 0.0, 0.0, 0.0, 0.0, 0.0, 0.0, 0.0, 0.0, 0.0, 0.0, 0.0, 0.0, 0.0, 0.0, 0.0, 0.0, 0.0, 0.0, 0.0, 0.0, 0.0, 0.0, 0.0, 0.0, 0.0, 0.0, 0.0, 0.0, 0.0, 0.0, 0.0, 0.0, 0.0, 0.0, 0.0, 0.0, 0.0, 0.0, 0.0, 0.0, 0.0, 0.0, 0.0, 0.0, 0.0, 0.0, 0.0, 0.0, 0.0, 0.0, 0.0, 0.0, 0.0, 0.0, 0.0, 0.0, 0.0, 0.0, 0.0, 0.0, 0.0, 0.0, 0.0, 0.0, 0.0, 0.0, 0.0, 0.0, 0.0, 0.0, 0.0, 0.0, 0.0, 0.0, 0.0, 0.0, 0.0, 0.0, 0.0, 0.0, 0.0, 0.0, 0.0, 0.0, 0.0, 0.0, 0.0, 0.0, 0.0, 0.0, 0.0, 0.0, 0.0, 0.0, 0.0, 0.0, 0.0, 0.0, 0.0, 0.0, 0.0, 0.0, 0.0, 0.0, 0.0, 0.0, 0.0, 0.0, 0.0, 0.0, 0.0, 0.0, 0.0, 0.0, 0.0, 0.0, 0.0, 0.0, 0.0, 0.0, 0.0, 0.0, 0.0, 0.0, 0.0, 0.0, 0.0, 0.0, 0.0, 0.0, 0.0, 0.0, 0.0, 0.0, 0.0, 0.0, 0.0, 0.0, 0.0, 0.0, 0.0, 0.0, 0.0, 0.0, 0.0, 0.0, 0.0, 0.0, 0.0, 0.0, 0.0, 0.0, 0.0, 0.0, 0.0, 0.0, 0.0, 0.0, 0.0, 0.0, 0.0, 0.0, 0.0, 0.0, 0.0, 0.0, 0.0, 0.0, 0.0, 0.0, 0.0, 0.0, 0.0, 0.0, 0.0, 0.0, 0.0, 0.0, 0.0, 0.0, 0.0, 0.0, 0.0, 0.0, 0.0, 0.0, 0.0, 0.0, 0.0, 0.0, 0.0, 0.0, 0.0, 0.0, 0.0, 0.0, 0.0, 0.0, 0.0, 0.0, 0.0, 0.0, 0.0, 0.0, 0.0, 0.0, 0.0, 0.0, 0.0, 0.0, 0.0, 0.0, 0.0, 0.0, 0.0, 0.0, 0.0, 0.0, 0.0, 0.0, 0.0, 0.0, 0.0, 0.0, 0.0, 0.0, 0.0, 0.0, 0.0, 0.0, 0.0, 0.0, 0.0, 0.0, 0.0, 0.0, 0.0, 0.0, 0.0, 0.0, 0.0, 0.0, 0.0, 0.0, 0.0, 0.0, 0.0, 0.0, 0.0, 0.0, 0.0, 0.0, 0.0, 0.0, 0.0, 0.0, 0.0, 0.0, 0.0, 0.0, 0.0, 0.0, 0.0, 0.0, 0.0, 0.0, 0.0, 0.0, 0.0, 0.0, 0.0, 0.0, 0.0, 0.0, 0.0, 0.0, 0.0, 0.0, 0.0, 0.0, 0.0, 0.0, 0.0, 0.0, 0.0, 0.0, 0.0, 0.0, 0.0, 0.0, 0.0, 0.0, 0.0, 0.0, 0.0, 0.0, 0.0, 0.0, 0.0, 0.0, 0.0, 0.0, 0.0, 0.0, 0.0, 0.0, 0.0, 0.0, 0.0, 0.0, 0.0, 0.0, 0.0, 0.0, 0.0, 0.0, 0.0, 0.0, 0.0, 0.0, 0.0, 0.0, 0.0, 0.0, 0.0, 0.0, 0.0, 0.0, 0.0, 0.0, 0.0, 0.0, 0.0, 0.0, 0.0, 0.0, 0.0, 0.0, 0.0, 0.0, 0.0, 0.0, 0.0, 0.0, 0.0, 0.0, 0.0, 0.0, 0.0, 0.0, 0.0, 0.0, 0.0, 0.0, 0.0, 0.0, 0.0, 0.0, 0.0, 0.0, 0.0, 0.0, 0.0, 0.0, 0.0, 0.0, 0.0, 0.0, 0.0, 0.0, 0.0, 0.0, 0.0, 0.0, 0.0, 0.0, 0.0, 0.0, 0.0, 0.0, 0.0, 0.0, 0.0, 0.0, 0.0, 0.0, 0.0, 0.0, 0.0, 0.0, 0.0, 0.0, 0.0, 0.0, 0.0, 0.0, 0.0, 0.0, 0.0, 0.0, 0.0, 0.0, 0.0, 0.0, 0.0, 0.0, 0.0, 0.0, 0.0, 0.0, 0.0, 0.0, 0.0, 0.0, 0.0, 0.0, 0.0, 0.0, 0.0, 0.0, 0.0, 0.0, 0.0, 0.0, 0.0, 0.0, 0.0, 0.0, 0.0, 0.0, 0.0, 0.0, 0.0, 0.0, 0.0, 0.0, 0.0, 0.0, 0.0, 0.0, 0.0, 0.0, 0.0, 0.0, 0.0, 0.0, 0.0, 0.0, 0.0, 0.0, 0.0, 0.0, 0.0, 0.0, 0.0, 0.0, 0.0, 0.0, 0.0, 0.0, 0.0, 0.0, 0.0, 0.0, 0.0, 0.0, 0.0, 0.0, 0.0, 0.0, 0.0, 0.0, 0.0, 0.0, 0.0, 0.0, 0.0, 0.0, 0.0, 0.0, 0.0, 0.0, 0.0, 0.0, 0.0, 0.0, 0.0, 0.0, 0.0, 0.0, 0.0, 0.0, 0.0, 0.0, 0.0, 0.0, 0.0, 0.0, 0.0, 0.0, 0.0, 0.0, 0.0, 0.0, 0.0, 0.0, 0.0, 0.0, 0.0, 0.0, 0.0, 0.0, 0.0, 0.0, 0.0, 0.0, 0.0, 0.0, 0.0, 0.0, 0.0, 0.0, 0.0, 0.0, 0.0, 0.0, 0.0, 0.0, 0.0, 0.0, 0.0, 0.0, 0.0, 0.0, 0.0, 0.0, 0.0, 0.0, 0.0, 0.0, 0.0, 0.0, 0.0, 0.0, 0.0, 0.0, 0.0, 0.0, 0.0, 0.0, 0.0, 0.0, 0.0, 0.0, 0.0, 0.0, 0.0, 0.0, 0.0, 0.0, 0.0, 0.0, 0.0, 0.0, 0.0, 0.0, 0.0, 0.0, 0.0, 0.0, 0.0, 0.0, 0.0, 0.0, 0.0, 0.0, 0.0, 0.0, 0.0, 0.0, 0.0, 0.0, 0.0, 0.0, 0.0, 0.0, 0.0, 0.0, 0.0, 0.0, 0.0, 0.0, 0.0, 0.0, 0.0, 0.0, 0.0, 0.0, 0.0, 0.0, 0.0, 0.0, 0.0, 0.0, 0.0, 0.0, 0.0, 0.0, 0.0, 0.0, 0.0, 0.0, 0.0, 0.0, 0.0, 0.0, 0.0, 0.0, 0.0, 0.0, 0.0, 0.0, 0.0, 0.0, 0.0, 0.0, 0.0, 0.0, 0.0, 0.0, 0.0, 0.0, 0.0, 0.0, 0.0, 0.0, 0.0, 0.0, 0.0, 0.0, 0.0, 0.0, 0.0, 0.0, 0.0, 0.0, 0.0, 0.0, 0.0, 0.0, 0.0, 0.0, 0.0, 0.0, 0.0, 0.0, 0.0, 0.0, 0.0, 0.0, 0.0, 0.0, 0.0, 0.0, 0.0, 0.0, 0.0, 0.0, 0.0, 0.0, 0.0, 0.0, 0.0, 0.0, 0.0, 0.0, 0.0, 0.0, 0.0, 0.0, 0.0, 0.0, 0.0, 0.0, 0.0, 0.0, 0.0, 0.0, 0.0, 0.0, 0.0, 0.0, 0.0, 0.0, 0.0, 0.0, 0.0, 0.0, 0.0, 0.0, 0.0, 0.0, 0.0, 0.0, 0.0, 0.0, 0.0, 0.0, 0.0, 0.0, 0.0, 0.0, 0.0, 0.0, 0.0, 0.0, 0.0, 0.0, 0.0, 0.0, 0.0, 0.0, 0.0, 0.0, 0.0, 0.0, 0.0, 0.0, 0.0, 0.0, 0.0, 0.0, 0.0, 0.0, 0.0, 0.0, 0.0, 0.0, 0.0, 0.0, 0.0, 0.0, 0.0, 0.0, 0.0, 0.0, 0.0, 0.0, 0.0, 0.0, 0.0, 0.0, 0.0, 0.0, 0.0, 0.0, 0.0, 0.0, 0.0, 0.0, 0.0, 0.0, 0.0, 0.0, 0.0, 0.0, 0.0, 0.0, 0.0, 0.0, 0.0, 0.0, 0.0, 0.0, 0.0, 0.0, 0.0, 0.0, 0.0, 0.0, 0.0, 0.0, 0.0, 0.0, 0.0, 0.0, 0.0, 0.0, 0.0, 0.0, 0.0, 0.0, 0.0, 0.0, 0.0, 0.0, 0.0, 0.0, 0.0, 0.0, 0.0, 0.0, 0.0, 0.0, 0.0, 0.0, 0.0, 0.0, 0.0, 0.0, 0.0, 0.0, 0.0, 0.0, 0.0, 0.0, 0.0, 0.0, 0.0, 0.0, 0.0, 0.0, 0.0, 0.0, 0.0, 0.0, 0.0, 0.0, 0.0, 0.0, 0.0, 0.0, 0.0, 0.0, 0.0, 0.0, 0.0, 0.0, 0.0, 0.0, 0.0, 0.0, 0.0, 0.0, 0.0, 0.0, 0.0, 0.0, 0.0, 0.0, 0.0, 0.0, 0.0, 0.0, 0.0, 0.0, 0.0, 0.0, 0.0, 0.0, 0.0, 0.0, 0.0, 0.0, 0.0, 0.0, 0.0, 0.0, 0.0, 0.0, 0.0, 0.0, 0.0, 0.0, 0.0, 0.0, 0.0, 0.0, 0.0, 0.0, 0.0, 0.0, 0.0, 0.0, 0.0, 0.0, 0.0, 0.0, 0.0, 0.0, 0.0, 0.0, 0.0, 0.0, 0.0, 0.0, 0.0, 0.0, 0.0, 0.0, 0.0, 0.0, 0.0, 0.0, 0.0, 0.0, 0.0, 0.0, 0.0, 0.0, 0.0, 0.0, 0.0, 0.0, 0.0, 0.0, 0.0, 0.0, 0.0, 0.0, 0.0, 0.0, 0.0, 0.0, 0.0, 0.0, 0.0, 0.0, 0.0, 0.0, 0.0, 0.0, 0.0, 0.0, 0.0, 0.0, 0.0, 0.0, 0.0, 0.0, 0.0, 0.0, 0.0, 0.0, 0.0, 0.0, 0.0, 0.0, 0.0, 0.0, 0.0, 0.0, 0.0, 0.0, 0.0, 0.0, 0.0, 0.0, 0.0, 0.0, 0.0, 0.0, 0.0, 0.0, 0.0, 0.0, 0.0, 0.0, 0.0, 0.0, 0.0, 0.0, 0.0, 0.0, 0.0, 0.0, 0.0, 0.0, 0.0, 0.0, 0.0, 0.0, 0.0, 0.0, 0.0, 0.0, 0.0, 0.0, 0.0, 0.0, 0.0, 0.0, 0.0, 0.0, 0.0, 0.0, 0.0, 0.0, 0.0, 0.0, 0.0, 0.0, 0.0, 0.0, 0.0, 0.0, 0.0, 0.0, 0.0, 0.0, 0.0, 0.0, 0.0, 0.0, 0.0, 0.0, 0.0, 0.0, 0.0, 0.0, 0.0, 0.0, 0.0, 0.0, 0.0, 0.0, 0.0, 0.0, 0.0, 0.0, 0.0, 0.0, 0.0, 0.0, 0.0, 0.0, 0.0, 0.0, 0.0, 0.0, 0.0, 0.0, 0.0, 0.0, 0.0, 0.0, 0.0, 0.0, 0.0, 0.0, 0.0, 0.0, 0.0, 0.0, 0.0, 0.0, 0.0, 0.0, 0.0, 0.0, 0.0, 0.0, 0.0, 0.0, 0.0, 0.0, 0.0, 0.0, 0.0, 0.0, 0.0, 0.0, 0.0, 0.0, 0.0, 0.0, 0.0, 0.0, 0.0, 0.0, 0.0, 0.0, 0.0, 0.0, 0.0, 0.0, 0.0, 0.0, 0.0, 0.0, 0.0, 0.0, 0.0, 0.0, 0.0, 0.0, 0.0, 0.0, 0.0, 0.0, 0.0, 0.0, 0.0, 0.0, 0.0, 0.0, 0.0, 0.0, 0.0, 0.0, 0.0, 0.0, 0.0, 0.0, 0.0, 0.0, 0.0, 0.0, 0.0, 0.0, 0.0, 0.0, 0.0, 0.0, 0.0, 0.0, 0.0, 0.0, 0.0, 0.0, 0.0, 0.0, 0.0, 0.0, 0.0, 0.0, 0.0, 0.0, 0.0, 0.0, 0.0, 0.0, 0.0, 0.0, 0.0, 0.0, 0.0, 0.0, 0.0, 0.0, 0.0, 0.0, 0.0, 0.0, 0.0, 0.0, 0.0, 0.0, 0.0, 0.0, 0.0, 0.0, 0.0, 0.0, 0.0, 0.0, 0.0, 0.0, 0.0, 0.0, 0.0, 0.0, 0.0, 0.0, 0.0, 0.0, 0.0, 0.0, 0.0, 0.0, 0.0, 0.0, 0.0, 0.0, 0.0, 0.0, 0.0, 0.0, 0.0, 0.0, 0.0, 0.0, 0.0, 0.0, 0.0, 0.0, 0.0, 0.0, 0.0, 0.0, 0.0, 0.0, 0.0, 0.0, 0.0, 0.0, 0.0, 0.0, 0.0, 0.0, 0.0, 0.0, 0.0, 0.0, 0.0, 0.0, 0.0, 0.0, 0.0, 0.0, 0.0, 0.0, 0.0, 0.0, 0.0, 0.0, 0.0, 0.0, 0.0, 0.0, 0.0, 0.0, 0.0, 0.0, 0.0, 0.0, 0.0, 0.0, 0.0, 0.0, 0.0, 0.0, 0.0, 0.0, 0.0, 0.0, 0.0, 0.0, 0.0, 0.0, 0.0, 0.0, 0.0, 0.0, 0.0, 0.0, 0.0, 0.0, 0.0, 0.0, 0.0, 0.0, 0.0, 0.0, 0.0, 0.0, 0.0, 0.0, 0.0, 0.0, 0.0, 0.0, 0.0, 0.0, 0.0, 0.0, 0.0, 0.0, 0.0, 0.0, 0.0, 0.0, 0.0, 0.0, 0.0, 0.0, 0.0, 0.0, 0.0, 0.0, 0.0, 0.0, 0.0, 0.0, 0.0, 0.0, 0.0, 0.0, 0.0, 0.0, 0.0, 0.0, 0.0, 0.0, 0.0, 0.0, 0.0, 0.0, 0.0, 0.0, 0.0, 0.0, 0.0, 0.0, 0.0, 0.0, 0.0, 0.0, 0.0, 0.0, 0.0, 0.0, 0.0, 0.0, 0.0, 0.0, 0.0, 0.0, 0.0, 0.0, 0.0, 0.0, 0.0, 0.0, 0.0, 0.0, 0.0, 0.0, 0.0, 0.0, 0.0, 0.0, 0.0, 0.0, 0.0, 0.0, 0.0, 0.0, 0.0, 0.0, 0.0, 0.0, 0.0, 0.0, 0.0, 0.0, 0.0, 0.0, 0.0, 0.0, 0.0, 0.0, 0.0, 0.0, 0.0, 0.0, 0.0, 0.0, 0.0, 0.0, 0.0, 0.0, 0.0, 0.0, 0.0, 0.0, 0.0, 0.0, 0.0, 0.0, 0.0, 0.0, 0.0, 0.0, 0.0, 0.0, 0.0, 0.0, 0.0, 0.0, 0.0, 0.0, 0.0, 0.0, 0.0, 0.0, 0.0, 0.0, 0.0, 0.0, 0.0, 0.0, 0.0, 0.0, 0.0, 0.0, 0.0, 0.0, 0.0, 0.0, 0.0, 0.0, 0.0, 0.0, 0.0, 0.0, 0.0, 0.0, 0.0, 0.0, 0.0, 0.0, 0.0, 0.0, 0.0, 0.0, 0.0, 0.0, 0.0, 0.0, 0.0, 0.0, 0.0, 0.0, 0.0, 0.0, 0.0, 0.0, 0.0, 0.0, 0.0, 0.0, 0.0, 0.0, 0.0, 0.0, 0.0, 0.0, 0.0, 0.0, 0.0, 0.0, 0.0, 0.0, 0.0, 0.0, 0.0, 0.0, 0.0, 0.0, 0.0, 0.0, 0.0, 0.0, 0.0, 0.0, 0.0, 0.0, 0.0, 0.0, 0.0, 0.0, 0.0, 0.0, 0.0, 0.0, 0.0, 0.0, 0.0, 0.0, 0.0, 0.0, 0.0, 0.0, 0.0, 0.0, 0.0, 0.0, 0.0, 0.0, 0.0, 0.0, 0.0, 0.0, 0.0, 0.0, 0.0, 0.0, 0.0, 0.0, 0.0, 0.0, 0.0, 0.0, 0.0, 0.0, 0.0, 0.0, 0.0, 0.0, 0.0, 0.0, 0.0, 0.0, 0.0, 0.0, 0.0, 0.0, 0.0, 0.0, 0.0, 0.0, 0.0, 0.0, 0.0, 0.0, 0.0, 0.0, 0.0, 0.0, 0.0, 0.0, 0.0, 0.0, 0.0, 0.0, 0.0, 0.0, 0.0, 0.0, 0.0, 0.0, 0.0, 0.0, 0.0, 0.0, 0.0, 0.0, 0.0, 0.0, 0.0, 0.0, 0.0, 0.0, 0.0, 0.0, 0.0, 0.0, 0.0, 0.0, 0.0, 0.0, 0.0, 0.0, 0.0, 0.0, 0.0, 0.0, 0.0, 0.0, 0.0, 0.0, 0.0, 0.0, 0.0, 0.0, 0.0, 0.0, 0.0, 0.0, 0.0, 0.0, 0.0, 0.0, 0.0, 0.0, 0.0, 0.0, 0.0, 0.0, 0.0, 0.0, 0.0, 0.0, 0.0, 0.0, 0.0, 0.0, 0.0, 0.0, 0.0, 0.0, 0.0, 0.0, 0.0, 0.0, 0.0, 0.0, 0.0, 0.0, 0.0, 0.0, 0.0, 0.0, 0.0, 0.0, 0.0, 0.0, 0.0, 0.0, 0.0, 0.0, 0.0, 0.0, 0.0, 0.0, 0.0, 0.0, 0.0, 0.0, 0.0, 0.0, 0.0, 0.0, 0.0, 0.0, 0.0, 0.0, 0.0, 0.0, 0.0, 0.0, 0.0, 0.0, 0.0, 0.0, 0.0, 0.0, 0.0, 0.0, 0.0, 0.0, 0.0, 0.0, 0.0, 0.0, 0.0, 0.0, 0.0, 0.0, 0.0, 0.0, 0.0, 0.0, 0.0, 0.0, 0.0, 0.0, 0.0, 0.0, 0.0, 0.0, 0.0, 0.0, 0.0, 0.0, 0.0, 0.0, 0.0, 0.0, 0.0, 0.0, 0.0, 0.0, 0.0, 0.0, 0.0, 0.0, 0.0, 0.0, 0.0, 0.0, 0.0, 0.0, 0.0, 0.0, 0.0, 0.0, 0.0, 0.0, 0.0, 0.0, 0.0, 0.0, 0.0, 0.0, 0.0, 0.0, 0.0, 0.0, 0.0, 0.0, 0.0, 0.0, 0.0, 0.0, 0.0, 0.0, 0.0, 0.0, 0.0, 0.0, 0.0, 0.0, 0.0, 0.0, 0.0, 0.0, 0.0, 0.0, 0.0, 0.0, 0.0, 0.0, 0.0, 0.0, 0.0, 0.0, 0.0, 0.0, 0.0, 0.0, 0.0, 0.0, 0.0, 0.0, 0.0, 0.0, 0.0, 0.0, 0.0, 0.0, 0.0, 0.0, 0.0, 0.0, 0.0, 0.0, 0.0, 0.0, 0.0, 0.0, 0.0, 0.0, 0.0, 0.0, 0.0, 0.0, 0.0, 0.0, 0.0, 0.0, 0.0, 0.0, 0.0, 0.0, 0.0, 0.0, 0.0, 0.0, 0.0, 0.0, 0.0, 0.0, 0.0, 0.0, 0.0, 0.0, 0.0, 0.0, 0.0, 0.0, 0.0, 0.0, 0.0, 0.0, 0.0, 0.0, 0.0, 0.0, 0.0, 0.0, 0.0, 0.0, 0.0, 0.0, 0.0, 0.0, 0.0, 0.0, 0.0, 0.0, 0.0, 0.0, 0.0, 0.0, 0.0, 0.0, 0.0, 0.0, 0.0, 0.0, 0.0, 0.0, 0.0, 0.0, 0.0, 0.0, 0.0, 0.0, 0.0, 0.0, 0.0, 0.0, 0.0, 0.0, 0.0, 0.0, 0.0, 0.0, 0.0, 0.0, 0.0, 0.0, 0.0, 0.0, 0.0, 0.0, 0.0, 0.0, 0.0, 0.0, 0.0, 0.0, 0.0, 0.0, 0.0, 0.0, 0.0, 0.0, 0.0, 0.0, 0.0, 0.0, 0.0, 0.0, 0.0, 0.0, 0.0, 0.0, 0.0, 0.0, 0.0, 0.0, 0.0, 0.0, 0.0, 0.0, 0.0, 0.0, 0.0, 0.0, 0.0, 0.0, 0.0, 0.0, 0.0, 0.0, 0.0, 0.0, 0.0, 0.0, 0.0, 0.0, 0.0, 0.0, 0.0, 0.0, 0.0, 0.0, 0.0, 0.0, 0.0, 0.0, 0.0, 0.0, 0.0, 0.0, 0.0, 0.0, 0.0, 0.0, 0.0, 0.0, 0.0, 0.0, 0.0, 0.0, 0.0, 0.0, 0.0, 0.0, 0.0, 0.0, 0.0, 0.0, 0.0, 0.0, 0.0, 0.0, 0.0, 0.0, 0.0, 0.0, 0.0, 0.0, 0.0, 0.0, 0.0, 0.0, 0.0, 0.0, 0.0, 0.0, 0.0, 0.0, 0.0, 0.0, 0.0, 0.0, 0.0, 0.0, 0.0, 0.0, 0.0, 0.0, 0.0, 0.0, 0.0, 0.0, 0.0, 0.0, 0.0, 0.0, 0.0, 0.0, 0.0, 0.0, 0.0, 0.0, 0.0, 0.0, 0.0, 0.0, 0.0, 0.0, 0.0, 0.0, 0.0, 0.0, 0.0, 0.0, 0.0, 0.0, 0.0, 0.0, 0.0, 0.0, 0.0, 0.0, 0.0, 0.0, 0.0, 0.0, 0.0, 0.0, 0.0, 0.0, 0.0, 0.0, 0.0, 0.0, 0.0, 0.0, 0.0, 0.0, 0.0, 0.0, 0.0, 0.0, 0.0, 0.0, 0.0, 0.0, 0.0, 0.0, 0.0, 0.0, 0.0, 0.0, 0.0, 0.0, 0.0, 0.0, 0.0, 0.0, 0.0, 0.0, 0.0, 0.0, 0.0, 0.0, 0.0, 0.0, 0.0, 0.0, 0.0, 0.0, 0.0, 0.0, 0.0, 0.0, 0.0, 0.0, 0.0, 0.0, 0.0, 0.0, 0.0, 0.0, 0.0, 0.0, 0.0, 0.0, 0.0, 0.0, 0.0, 0.0, 0.0, 0.0, 0.0, 0.0, 0.0, 0.0, 0.0, 0.0, 0.0, 0.0, 0.0, 0.0, 0.0, 0.0, 0.0, 0.0, 0.0, 0.0, 0.0, 0.0, 0.0, 0.0, 0.0, 0.0, 0.0, 0.0, 0.0, 0.0, 0.0, 0.0, 0.0, 0.0, 0.0, 0.0, 0.0, 0.0, 0.0, 0.0, 0.0, 0.0, 0.0, 0.0, 0.0, 0.0, 0.0, 0.0, 0.0, 0.0, 0.0, 0.0, 0.0, 0.0, 0.0, 0.0, 0.0, 0.0, 0.0, 0.0, 0.0, 0.0, 0.0, 0.0, 0.0, 0.0, 0.0, 0.0, 0.0, 0.0, 0.0, 0.0, 0.0, 0.0, 0.0, 0.0, 0.0, 0.0, 0.0, 0.0, 0.0, 0.0, 0.0, 0.0, 0.0, 0.0, 0.0, 0.0, 0.0, 0.0, 0.0, 0.0, 0.0, 0.0, 0.0, 0.0, 0.0, 0.0, 0.0, 0.0, 0.0, 0.0, 0.0, 0.0], optimizer_step: 0 }


failures:
    tests::cross_entropy_is_invariant_to_large_common_offsets
    tests::failed_adam_update_preserves_weights_moments_and_step
    tests::inference_rejects_overflowing_logits_in_both_heads
    tests::mac_estimate_validates_input_ids_and_reports_example_index
    tests::overflowing_adam_moment_is_rejected_without_changing_state

test result: FAILED. 16 passed; 5 failed; 0 ignored; 0 measured; 0 filtered out; finished in 1.33s

error: test failed, to rerun pass `-p packtok-model --lib`
